frame_index,time_sec,class_id,class_name,confidence,xmin,ymin,xmax,ymax,preprocess_ms,inference_ms,postprocess_ms,end_to_end_fps
1,0.027,1,mouse,0.941047,154.78,230.39,472.05,394.80,3.869,25.798,4.443,21.813
2,0.089,1,mouse,0.959970,157.07,231.94,474.92,394.84,3.892,25.490,3.248,21.305
3,0.148,1,mouse,0.907965,155.39,229.20,474.86,415.02,2.972,35.528,9.073,20.873
4,0.189,1,mouse,0.934135,157.68,227.51,474.95,391.13,2.194,24.718,2.976,21.205
5,0.226,1,mouse,0.956393,156.07,227.48,475.93,408.57,2.162,21.162,2.880,21.819
6,0.283,1,mouse,0.890312,162.22,231.51,480.08,388.18,2.387,21.724,3.114,21.369
7,0.324,1,mouse,0.906859,161.25,231.43,479.98,404.43,2.518,25.562,3.049,21.653
8,0.387,1,mouse,0.873026,163.11,230.25,481.30,398.51,2.510,25.525,3.223,21.086
9,0.428,1,mouse,0.920398,161.93,228.13,478.84,386.90,2.615,25.542,3.044,21.380
10,0.488,1,mouse,0.930720,160.47,227.67,478.24,388.04,2.518,25.536,3.416,20.952
11,0.529,1,mouse,0.927083,161.50,227.65,479.33,391.84,2.602,25.541,2.968,21.243
12,0.588,1,mouse,0.923528,162.07,226.59,479.60,417.60,2.772,25.546,3.174,20.833
13,0.628,1,mouse,0.890960,166.71,231.40,482.45,390.67,2.539,25.565,2.946,21.173
14,0.689,1,mouse,0.852607,166.57,232.72,482.20,393.22,2.966,25.869,3.441,20.722
15,0.730,1,mouse,0.814726,176.25,230.84,487.83,391.72,2.564,25.523,3.263,21.058
16,0.787,1,mouse,0.982608,187.04,239.54,499.67,399.12,2.701,25.502,3.215,20.704
17,0.829,1,mouse,0.972221,189.39,242.20,503.11,399.88,2.553,25.529,3.078,21.069
17,0.829,1,mouse,0.539034,511.05,0.00,640.00,108.59,2.553,25.529,3.078,21.069
18,0.888,1,mouse,0.957676,183.02,244.22,497.46,402.14,2.616,25.523,3.169,20.655
18,0.888,1,mouse,0.294843,507.06,0.00,640.00,108.90,2.616,25.523,3.169,20.655
19,0.929,1,mouse,0.932376,180.02,246.59,494.73,401.93,2.517,25.530,3.129,20.967
19,0.929,1,mouse,0.473620,504.29,0.00,640.00,106.93,2.517,25.530,3.129,20.967
20,0.988,1,mouse,0.923268,496.43,0.39,640.00,102.76,2.467,25.549,3.193,20.606
20,0.988,1,mouse,0.820076,173.26,250.91,486.14,404.22,2.467,25.549,3.193,20.606
21,1.029,1,mouse,0.933566,493.35,3.31,640.00,101.70,2.561,25.529,2.989,20.917
21,1.029,1,mouse,0.919225,169.06,253.57,481.93,404.30,2.561,25.529,2.989,20.917
22,1.088,1,mouse,0.965594,162.44,246.50,474.16,403.72,2.557,25.576,3.250,20.540
22,1.088,1,mouse,0.862586,485.63,0.39,639.82,97.80,2.557,25.576,3.250,20.540
23,1.129,1,mouse,0.958131,161.46,247.51,473.31,402.31,2.544,25.529,3.152,20.883
23,1.129,1,mouse,0.904156,483.85,0.00,639.71,99.00,2.544,25.529,3.152,20.883
24,1.188,1,mouse,0.964759,161.35,242.31,474.48,397.35,2.699,25.526,3.201,20.512
24,1.188,1,mouse,0.910692,482.76,0.00,639.67,92.58,2.699,25.526,3.201,20.512
25,1.229,1,mouse,0.970296,159.81,239.29,472.29,394.33,2.549,25.527,3.119,20.848
25,1.229,1,mouse,0.924692,484.30,0.00,639.85,89.08,2.549,25.527,3.119,20.848
26,1.288,1,mouse,0.907249,159.79,236.68,474.28,395.90,2.517,25.810,3.166,20.492
27,1.329,1,mouse,0.895170,155.74,233.82,470.88,393.97,2.608,25.919,3.198,20.785
28,1.388,1,mouse,0.890118,156.78,232.04,472.13,397.79,2.665,25.516,3.228,20.452
29,1.429,1,mouse,0.960583,158.46,227.53,473.47,386.99,2.601,25.516,2.908,20.797
30,1.487,1,mouse,0.925853,155.31,223.15,472.84,377.34,2.504,25.544,3.307,20.442
31,1.528,1,mouse,0.929442,155.54,221.22,476.74,372.01,2.551,25.565,3.498,20.776
32,1.593,1,mouse,0.895310,149.81,210.67,463.73,370.33,2.747,26.617,7.746,20.259
33,1.635,1,mouse,0.893655,138.41,204.82,451.89,363.83,2.110,27.491,3.103,20.543
33,1.635,2,keyboard,0.474700,0.00,0.00,635.82,264.52,2.110,27.491,3.103,20.543
34,1.688,1,mouse,0.944685,127.61,194.45,445.28,355.66,2.569,25.517,3.187,20.458
35,1.729,1,mouse,0.962340,129.78,188.89,449.18,380.39,2.584,25.533,3.098,20.786
36,1.788,1,mouse,0.828013,110.29,181.27,427.51,347.04,2.729,25.520,3.372,20.420
36,1.788,2,keyboard,0.295365,0.00,0.00,638.39,244.74,2.729,25.520,3.372,20.420
37,1.830,1,mouse,0.890781,113.89,181.85,430.75,340.28,2.512,25.556,3.074,20.762
38,1.891,1,mouse,0.886144,110.89,178.75,422.59,338.68,2.808,25.543,3.147,20.295
38,1.891,2,keyboard,0.392494,0.00,0.00,638.39,235.97,2.808,25.543,3.147,20.295
39,1.956,1,mouse,0.912081,96.53,172.21,415.89,352.47,2.562,25.690,3.445,19.834
40,1.998,1,mouse,0.928157,90.79,168.89,413.28,339.81,2.608,25.517,3.199,20.213
41,2.056,1,mouse,0.925159,86.08,162.42,416.29,358.23,2.711,25.523,3.160,19.926
41,2.056,1,mouse,0.354848,397.21,0.00,639.11,473.65,2.711,25.523,3.160,19.926
42,2.096,1,mouse,0.912567,79.95,158.29,402.97,336.81,2.591,25.517,2.989,20.344
43,2.155,1,mouse,0.952092,59.72,147.78,398.08,369.72,2.816,25.574,3.207,20.019
44,2.195,1,mouse,0.932263,48.53,145.58,398.45,345.41,2.600,25.501,2.899,20.459
45,2.256,1,mouse,0.910518,33.55,145.02,393.26,358.07,2.801,25.518,3.261,20.098
45,2.256,1,mouse,0.319333,377.73,0.00,640.00,474.37,2.801,25.518,3.261,20.098
46,2.297,1,mouse,0.886707,32.08,142.43,369.68,359.54,2.525,25.731,2.991,20.467
47,2.356,1,mouse,0.922953,6.83,135.24,366.00,361.20,2.530,25.614,3.273,20.154
47,2.356,1,mouse,0.664083,364.07,0.00,640.00,474.42,2.530,25.614,3.273,20.154
48,2.398,1,mouse,0.959082,8.15,135.77,366.28,357.47,2.555,25.795,3.128,20.498
48,2.398,1,mouse,0.818523,385.14,16.60,640.00,474.08,2.555,25.795,3.128,20.498
49,2.453,1,mouse,0.890718,1.40,144.76,319.65,393.13,2.724,25.557,3.119,20.190
50,2.492,1,mouse,0.872555,0.92,152.56,307.36,408.88,2.508,25.527,3.039,20.741
51,2.557,1,mouse,0.960213,0.71,159.80,328.83,416.41,2.780,25.507,3.172,20.289
51,2.557,1,mouse,0.746251,386.19,29.71,640.00,475.70,2.780,25.507,3.172,20.289
51,2.557,1,mouse,0.354876,303.70,0.00,640.00,480.00,2.780,25.507,3.172,20.289
52,2.598,1,mouse,0.912921,1.44,162.29,320.88,428.86,2.591,25.528,3.163,20.583
53,2.655,1,mouse,0.975217,0.00,176.73,301.13,472.85,2.491,25.542,3.179,20.304
53,2.655,1,mouse,0.725913,372.00,0.00,640.00,477.25,2.491,25.542,3.179,20.304
54,2.695,1,mouse,0.942759,0.00,183.70,256.09,470.76,2.560,25.491,2.987,20.695
55,2.754,1,mouse,0.950009,0.05,186.85,215.89,468.57,2.758,25.571,3.301,20.310
55,2.754,1,mouse,0.433955,0.00,58.03,214.83,468.89,2.758,25.571,3.301,20.310
56,2.792,1,mouse,0.957322,0.01,191.10,234.39,467.69,2.558,25.497,3.075,20.818
57,2.854,1,mouse,0.962035,0.24,206.41,174.78,464.31,2.822,25.579,3.248,20.392
58,2.893,1,mouse,0.935110,0.19,207.58,154.09,437.93,2.567,25.698,3.005,20.860
59,2.956,1,mouse,0.915813,0.24,208.75,160.57,439.97,2.911,25.544,3.223,20.436
60,2.996,1,mouse,0.972556,0.30,208.42,173.23,478.59,2.614,25.685,2.995,20.773
60,2.996,1,mouse,0.398725,268.25,0.00,538.43,478.25,2.614,25.685,2.995,20.773
60,2.996,1,mouse,0.266217,274.17,0.00,632.12,480.00,2.614,25.685,2.995,20.773
61,3.054,1,mouse,0.946356,0.38,205.32,117.34,476.70,2.771,25.535,3.243,20.419
61,3.054,0,bottle,0.289382,240.17,108.57,424.21,477.41,2.771,25.535,3.243,20.419
62,3.093,1,mouse,0.915202,0.25,196.66,109.92,480.00,2.624,25.493,2.996,20.891
63,3.155,1,mouse,0.935521,0.16,191.05,100.29,480.00,2.889,25.509,3.377,20.450
63,3.155,0,bottle,0.373507,241.13,0.00,426.73,474.02,2.889,25.509,3.377,20.450
64,3.195,1,mouse,0.928060,0.28,179.23,98.79,479.32,2.895,25.497,3.029,20.854
64,3.195,0,bottle,0.287938,253.03,0.00,414.69,474.68,2.895,25.497,3.029,20.854
65,3.253,1,mouse,0.886292,0.00,171.67,117.87,480.00,2.587,25.483,3.249,20.474
66,3.291,1,mouse,0.968988,0.44,162.43,113.81,480.00,2.584,25.501,3.344,20.997
67,3.354,1,mouse,0.939433,0.31,145.14,118.22,475.09,2.729,25.536,3.351,20.537
68,3.393,1,mouse,0.948728,0.79,133.77,124.00,471.48,2.590,25.507,3.052,20.975
69,3.453,1,mouse,0.866418,0.00,102.52,141.93,473.19,2.521,25.561,3.254,20.562
70,3.493,1,mouse,0.861760,0.60,87.62,193.56,471.92,2.573,25.771,3.165,20.982
70,3.493,0,bottle,0.261693,312.08,0.00,451.66,474.20,2.573,25.771,3.165,20.982
71,3.554,1,mouse,0.912099,0.70,76.52,204.00,473.56,2.837,25.584,3.246,20.534
71,3.554,0,bottle,0.283909,329.96,24.45,474.60,477.15,2.837,25.584,3.246,20.534
72,3.593,1,mouse,0.893064,0.50,57.58,206.99,480.00,2.573,25.523,2.985,21.000
73,3.654,1,mouse,0.794581,584.20,331.66,639.92,409.77,2.708,25.566,3.238,20.569
73,3.654,1,mouse,0.718653,0.00,39.03,187.02,475.53,2.708,25.566,3.238,20.569
74,3.694,1,mouse,0.904537,0.67,42.62,206.34,476.14,2.472,25.448,3.059,21.009
74,3.694,1,mouse,0.374847,577.42,316.98,639.80,415.12,2.472,25.448,3.059,21.009
75,3.755,1,mouse,0.774621,0.00,11.60,208.55,480.00,2.530,25.471,3.109,20.589
75,3.755,1,mouse,0.259227,560.88,320.33,639.24,413.63,2.530,25.471,3.109,20.589
76,3.794,1,mouse,0.942333,0.54,11.62,214.48,479.05,2.572,25.534,2.987,20.964
77,3.853,1,mouse,0.811651,0.49,0.00,231.59,477.00,2.546,25.572,3.111,20.569
78,3.893,1,mouse,0.889510,0.00,13.78,218.01,348.24,2.516,25.557,3.074,21.036
79,3.956,1,mouse,0.913502,0.66,36.33,193.69,477.94,2.830,25.505,3.280,20.556
79,3.956,1,mouse,0.440466,528.74,335.90,639.99,473.06,2.830,25.505,3.280,20.556
79,3.956,0,bottle,0.252556,320.76,0.00,452.45,467.11,2.830,25.505,3.280,20.556
80,3.995,1,mouse,0.877416,0.00,50.96,193.53,477.77,2.609,25.512,2.965,20.947
81,4.055,1,mouse,0.901337,0.24,74.60,166.07,460.96,2.830,25.483,3.434,20.549
81,4.055,1,mouse,0.505100,0.41,72.75,153.95,358.00,2.830,25.483,3.434,20.549
82,4.094,1,mouse,0.966131,0.00,70.30,199.87,390.43,2.671,25.476,3.019,20.964
83,4.153,1,mouse,0.944736,0.10,71.86,213.71,391.23,2.570,25.551,3.348,20.564
84,4.192,1,mouse,0.981960,0.15,77.19,232.60,389.57,2.540,25.510,3.190,21.080
85,4.254,1,mouse,0.968353,0.02,80.68,256.12,376.45,2.820,25.889,3.209,20.587
86,4.293,1,mouse,0.924775,0.02,77.64,263.08,479.19,2.578,25.494,3.121,21.100
87,4.355,1,mouse,0.965872,0.61,77.77,295.02,377.71,2.889,25.732,3.555,20.616
88,4.395,1,mouse,0.869739,3.40,76.12,271.80,373.63,2.577,25.498,3.024,21.058
89,4.455,1,mouse,0.890328,9.65,69.82,293.41,367.57,2.816,25.534,3.299,20.644
90,4.496,1,mouse,0.856472,22.02,64.89,318.52,362.91,2.567,25.507,2.999,21.051
91,4.556,1,mouse,0.942078,29.63,60.73,318.71,359.53,2.623,25.529,3.582,20.626
92,4.599,1,mouse,0.955610,37.66,64.17,319.19,361.95,2.570,28.110,3.300,20.793
93,4.660,1,mouse,0.962096,46.25,71.70,349.28,365.86,2.866,25.512,3.256,20.401
94,4.725,1,mouse,0.981737,59.07,79.34,345.87,369.84,2.578,26.576,3.523,19.903
95,4.767,1,mouse,0.961119,66.70,82.34,356.41,371.97,2.613,25.698,3.020,20.270
96,4.824,1,mouse,0.975625,72.31,95.61,355.48,387.39,2.740,25.536,3.371,20.008
97,4.864,1,mouse,0.981040,86.15,105.25,387.60,396.12,2.598,25.921,3.266,20.370
98,4.922,1,mouse,0.945126,108.02,118.03,396.15,401.10,2.642,25.510,3.195,20.086
99,4.962,1,mouse,0.836491,120.71,120.87,420.14,402.39,2.555,25.502,3.013,20.534
99,4.962,1,mouse,0.464877,0.00,0.00,390.45,437.52,2.555,25.502,3.013,20.534
100,5.024,1,mouse,0.945304,130.33,142.61,401.27,429.48,2.940,25.589,3.205,20.151
101,5.065,1,mouse,0.945459,138.49,143.07,417.68,429.24,2.592,25.546,2.933,20.537
102,5.123,1,mouse,0.974064,141.18,157.75,437.29,440.68,2.509,25.547,3.274,20.214
103,5.164,1,mouse,0.954258,152.51,159.65,419.47,453.01,2.572,25.525,2.915,20.603
104,5.224,1,mouse,0.919448,149.47,174.69,421.22,465.64,2.783,25.539,3.246,20.238
105,5.264,1,mouse,0.965671,155.46,179.51,419.64,469.42,2.602,25.774,2.968,20.623
106,5.323,1,mouse,0.959607,154.81,190.98,426.74,472.97,2.522,25.524,3.158,20.288
107,5.365,1,mouse,0.952477,161.30,192.44,426.36,470.16,2.618,25.529,2.974,20.668
108,5.424,1,mouse,0.975809,158.26,201.97,417.95,469.17,2.787,25.570,3.285,20.293
109,5.464,1,mouse,0.969743,165.08,206.88,417.71,471.82,2.553,25.561,3.009,20.690
110,5.523,1,mouse,0.964146,174.09,208.50,429.72,472.12,2.537,25.515,3.187,20.339
111,5.565,1,mouse,0.942644,174.57,210.48,434.11,473.25,2.617,25.793,2.917,20.717
112,5.625,1,mouse,0.975082,192.65,235.10,441.45,473.68,2.573,25.582,3.487,20.326
112,5.625,1,mouse,0.289007,0.00,0.00,379.07,464.55,2.573,25.582,3.487,20.326
112,5.625,1,mouse,0.252227,392.74,2.24,639.87,469.69,2.573,25.582,3.487,20.326
113,5.666,1,mouse,0.973045,196.90,235.12,446.54,474.59,2.489,25.587,3.084,20.653
114,5.723,1,mouse,0.965679,191.05,232.40,447.04,473.58,2.648,25.548,3.075,20.350
115,5.764,1,mouse,0.906618,212.00,237.29,480.58,472.29,2.527,25.776,2.966,20.722
115,5.764,1,mouse,0.823720,0.00,0.00,498.97,469.27,2.527,25.776,2.966,20.722
115,5.764,1,mouse,0.365263,212.34,136.92,477.88,470.77,2.527,25.776,2.966,20.722
116,5.826,1,mouse,0.956018,224.85,241.03,468.57,473.60,2.747,26.441,3.111,20.303
116,5.826,1,mouse,0.268017,502.32,0.00,639.90,470.35,2.747,26.441,3.111,20.303
117,5.869,1,mouse,0.956668,238.32,237.18,512.03,473.46,2.402,27.475,3.023,20.522
117,5.869,1,mouse,0.433860,0.27,0.00,378.76,480.00,2.402,27.475,3.023,20.522
117,5.869,1,mouse,0.365485,442.48,0.00,639.99,468.59,2.402,27.475,3.023,20.522
117,5.869,1,mouse,0.317530,367.65,0.00,639.75,468.75,2.402,27.475,3.023,20.522
118,5.923,1,mouse,0.965019,245.84,239.74,486.13,473.97,2.524,25.517,3.187,20.332
118,5.923,1,mouse,0.422625,0.00,0.00,573.47,445.28,2.524,25.517,3.187,20.332
119,5.965,1,mouse,0.971549,250.59,250.70,490.97,474.40,2.587,25.545,2.995,20.722
119,5.965,1,mouse,0.322453,0.18,1.56,493.06,432.77,2.587,25.545,2.995,20.722
120,6.023,1,mouse,0.963486,246.71,241.77,482.73,474.54,2.520,25.587,3.305,20.358
121,6.064,1,mouse,0.895278,245.83,237.06,483.58,472.56,2.545,25.782,3.140,20.702
121,6.064,1,mouse,0.356665,456.72,0.00,640.00,470.76,2.545,25.782,3.140,20.702
122,6.124,1,mouse,0.958538,220.59,239.57,452.43,474.45,2.770,25.541,3.173,20.339
122,6.124,1,mouse,0.669398,447.83,0.72,639.89,480.00,2.770,25.541,3.173,20.339
123,6.165,1,mouse,0.944092,216.76,235.43,444.84,473.09,2.617,25.549,3.046,20.686
123,6.165,1,mouse,0.322136,408.21,0.00,639.73,467.29,2.617,25.549,3.046,20.686
124,6.223,1,mouse,0.969998,209.60,249.69,422.06,474.28,2.513,25.564,3.091,20.360
124,6.223,1,mouse,0.702233,460.55,0.00,640.00,447.84,2.513,25.564,3.091,20.360
125,6.263,1,mouse,0.967262,208.87,258.17,418.01,474.14,2.504,25.587,3.011,20.758
125,6.263,1,mouse,0.504094,438.23,0.00,640.00,471.12,2.504,25.587,3.011,20.758
125,6.263,1,mouse,0.455512,0.36,0.00,55.64,149.33,2.504,25.587,3.011,20.758
126,6.322,1,mouse,0.911568,209.03,275.55,403.71,473.11,2.512,25.518,3.261,20.380
127,6.362,1,mouse,0.963891,208.30,287.34,396.88,475.72,2.536,25.558,3.054,20.811
127,6.362,1,mouse,0.368421,299.91,0.00,640.00,472.91,2.536,25.558,3.054,20.811
128,6.423,1,mouse,0.936388,203.17,290.02,427.31,474.86,3.053,25.541,3.127,20.385
128,6.423,1,mouse,0.298399,339.05,0.03,640.00,472.92,3.053,25.541,3.127,20.385
129,6.463,1,mouse,0.952366,188.98,291.29,370.32,475.88,2.574,25.531,2.948,20.820
129,6.463,1,mouse,0.263461,284.63,0.00,640.00,473.72,2.574,25.531,2.948,20.820
130,6.524,1,mouse,0.642987,184.15,289.25,363.55,474.69,2.828,25.537,3.204,20.429
131,6.563,1,mouse,0.948195,172.35,285.86,392.10,472.58,2.574,25.750,2.852,20.802
132,6.623,1,mouse,0.898577,159.18,285.79,380.34,473.09,2.571,25.565,3.186,20.433
133,6.663,1,mouse,0.723147,140.49,275.93,358.45,472.42,2.603,25.737,2.945,20.826
133,6.663,1,mouse,0.282967,201.11,0.00,638.35,480.00,2.603,25.737,2.945,20.826
134,6.723,1,mouse,0.961551,113.76,256.28,295.06,473.17,2.827,25.561,3.178,20.431
135,6.763,1,mouse,0.902774,107.79,245.11,330.17,471.44,2.579,25.584,3.013,20.864
136,6.824,1,mouse,0.637989,98.45,236.83,285.02,472.93,2.827,25.477,3.189,20.451
136,6.824,1,mouse,0.264215,161.91,0.00,612.03,479.59,2.827,25.477,3.189,20.451
137,6.864,1,mouse,0.826122,96.09,225.58,268.74,472.16,2.574,25.534,3.010,20.841
138,6.924,1,mouse,0.924898,86.69,207.29,257.03,470.70,2.745,25.572,3.111,20.454
138,6.924,1,mouse,0.283927,141.81,0.00,622.14,480.00,2.745,25.572,3.111,20.454
139,6.964,1,mouse,0.901677,85.60,210.27,290.17,454.14,2.594,25.571,3.263,20.803
140,7.022,1,mouse,0.792203,74.38,210.51,242.97,471.98,2.520,25.516,3.013,20.471
141,7.062,1,mouse,0.824794,77.89,211.16,245.01,473.39,2.535,25.538,3.069,20.863
142,7.122,1,mouse,0.548536,76.85,215.50,277.20,461.58,2.836,25.504,3.294,20.447
143,7.164,1,mouse,0.802559,77.42,209.03,242.03,473.28,2.503,26.453,3.137,20.833
144,7.223,1,mouse,0.713808,85.63,206.17,252.65,473.24,2.766,25.523,3.198,20.447
144,7.223,0,bottle,0.380153,85.30,207.22,252.14,470.56,2.766,25.523,3.198,20.447
145,7.263,1,mouse,0.599051,83.68,208.60,250.30,472.62,2.605,25.749,2.949,20.835
146,7.322,1,mouse,0.883899,82.45,200.44,284.64,468.24,2.504,25.549,3.425,20.461
147,7.361,1,mouse,0.934754,89.06,191.49,278.81,457.37,2.508,25.546,3.076,20.921
148,7.423,1,mouse,0.814200,84.43,186.71,269.32,454.36,2.502,25.529,3.340,20.495
149,7.462,1,mouse,0.915610,81.97,181.12,273.38,465.71,2.630,25.499,2.957,20.887
150,7.525,1,mouse,0.924971,64.19,202.57,255.95,474.71,2.537,25.467,3.241,20.388
151,7.596,1,mouse,0.641076,48.59,212.16,215.20,470.64,2.613,28.967,3.752,19.814
152,7.637,1,mouse,0.509108,47.92,212.75,241.09,468.81,2.673,25.863,3.169,20.177
153,7.691,1,mouse,0.827763,50.85,209.10,230.58,470.99,2.781,25.515,3.219,20.026
154,7.731,1,mouse,0.886514,52.99,220.70,231.96,472.05,2.572,25.500,2.963,20.457
155,7.791,1,mouse,0.648562,48.47,226.92,238.07,474.11,2.844,25.592,3.259,20.102
156,7.831,1,mouse,0.759501,52.11,223.95,233.75,471.42,2.573,25.700,2.906,20.577
157,7.891,1,mouse,0.592163,53.61,215.91,253.06,470.78,2.816,26.122,3.288,20.181
158,7.930,1,mouse,0.645089,40.13,213.33,241.13,472.46,2.846,25.671,3.056,20.659
159,7.992,1,mouse,0.655066,36.86,216.05,223.02,470.27,2.696,25.529,3.197,20.276
160,8.031,1,mouse,0.662804,34.75,210.85,231.32,471.36,2.607,25.504,3.052,20.681
161,8.092,1,mouse,0.532199,22.66,203.00,215.56,462.37,2.803,25.594,3.305,20.305
161,8.092,1,mouse,0.524440,68.90,203.71,205.32,466.77,2.803,25.594,3.305,20.305
162,8.131,1,mouse,0.722123,22.75,193.63,225.83,459.77,2.611,25.502,3.011,20.715
163,8.189,1,mouse,0.460247,9.25,171.42,214.46,443.26,2.507,25.496,3.287,20.366
164,8.229,1,mouse,0.738070,11.10,163.21,200.41,438.33,2.555,25.509,3.191,20.858
165,8.291,1,mouse,0.834928,2.03,154.16,182.40,433.16,2.508,25.549,3.215,20.425
166,8.330,1,mouse,0.570823,1.21,144.04,197.04,422.29,2.563,25.507,3.018,20.829
167,8.391,1,mouse,0.875504,1.02,127.37,169.78,407.83,2.760,25.538,3.194,20.425
168,8.430,1,mouse,0.859704,0.17,110.20,192.42,395.42,2.582,25.518,3.027,20.824
169,8.491,1,mouse,0.723351,0.00,91.77,163.93,380.15,2.843,25.550,3.206,20.425
170,8.532,1,mouse,0.923327,0.03,87.30,159.57,372.95,2.589,25.702,2.936,20.833
171,8.591,1,mouse,0.493228,0.46,65.03,185.63,369.03,2.765,25.574,3.236,20.446
172,8.632,1,mouse,0.662301,0.66,84.29,198.58,367.59,2.546,25.510,3.075,20.876
173,8.691,1,mouse,0.539730,4.67,79.22,206.49,360.45,2.764,25.508,3.142,20.470
174,8.732,1,mouse,0.568271,2.15,79.64,171.62,357.22,2.592,25.518,2.984,20.859
175,8.791,1,mouse,0.380100,9.04,48.23,213.18,344.95,2.790,25.529,3.111,20.471
176,8.832,1,mouse,0.428851,8.87,67.80,216.91,339.25,2.598,25.535,2.985,20.876
177,8.890,1,mouse,0.713141,8.54,43.33,211.10,310.23,2.782,25.538,3.117,20.477
178,8.927,,,,,,,,2.530,25.521,1.439,21.090
179,8.988,,,,,,,,2.894,25.719,1.551,20.627
180,9.027,,,,,,,,2.594,25.516,1.577,21.215
181,9.087,,,,,,,,2.984,25.471,2.003,20.687
182,9.128,1,mouse,0.256012,169.62,0.43,395.35,161.74,2.656,25.508,3.265,21.233
183,9.191,,,,,,,,3.211,25.480,3.009,20.698
184,9.230,1,mouse,0.420451,248.60,0.00,443.92,145.86,2.696,25.506,3.061,21.082
185,9.293,1,mouse,0.751506,218.64,0.91,441.06,202.85,2.902,25.522,3.406,20.646
186,9.333,,,,,,,,2.562,25.726,1.502,21.020
187,9.391,1,mouse,0.332068,232.84,0.00,476.33,248.45,2.534,25.543,3.167,20.643
188,9.428,,,,,,,,2.484,25.544,1.495,21.140
189,9.492,1,mouse,0.872269,0.00,15.68,462.87,437.69,2.900,25.558,3.388,20.637
190,9.533,1,mouse,0.625370,220.82,82.09,488.44,463.27,2.559,25.507,3.014,20.961
190,9.533,1,mouse,0.372874,104.32,31.24,487.40,459.47,2.559,25.507,3.014,20.961
191,9.592,1,mouse,0.697597,397.89,0.00,639.62,474.41,2.522,25.539,3.640,20.591
191,9.592,1,mouse,0.541536,0.00,0.00,455.58,476.52,2.522,25.539,3.640,20.591
191,9.592,1,mouse,0.404046,223.94,114.72,467.56,389.42,2.522,25.539,3.640,20.591
192,9.633,1,mouse,0.932902,226.39,141.02,480.86,443.29,2.567,25.731,2.959,20.959
193,9.693,1,mouse,0.815230,192.88,178.49,455.58,470.98,2.766,26.575,3.256,20.530
193,9.693,1,mouse,0.682554,0.15,0.00,473.67,470.07,2.766,26.575,3.256,20.530
193,9.693,1,mouse,0.496017,188.73,9.70,462.40,477.39,2.766,26.575,3.256,20.530
194,9.733,1,mouse,0.935597,186.32,190.54,450.55,463.94,2.549,25.523,2.992,20.920
195,9.790,1,mouse,0.814968,165.53,208.39,434.29,471.07,2.513,25.531,3.342,20.577
196,9.831,1,mouse,0.780036,158.62,192.99,452.77,436.63,2.555,25.746,3.003,20.980
197,9.892,1,mouse,0.889985,137.10,196.86,444.00,467.01,2.709,25.550,3.461,20.550
198,9.934,1,mouse,0.863908,137.60,205.31,426.56,453.02,2.583,25.524,3.019,20.934
199,9.991,1,mouse,0.885442,159.12,226.06,455.64,470.17,2.685,25.584,3.176,20.550
200,10.033,1,mouse,0.917366,154.17,232.34,447.03,472.76,2.555,25.596,3.141,20.885
201,10.092,1,mouse,0.921193,161.61,246.37,449.30,474.12,2.750,25.904,3.205,20.500
202,10.132,1,mouse,0.955283,187.49,257.65,475.82,472.97,2.500,25.728,2.912,20.837
203,10.192,1,mouse,0.948479,190.04,260.28,480.50,474.36,2.516,25.486,3.204,20.498
204,10.233,1,mouse,0.974356,192.18,285.56,479.94,474.43,2.533,25.528,3.014,20.806
205,10.289,1,mouse,0.913597,216.68,304.24,499.88,473.07,2.509,25.567,3.496,20.444
205,10.289,1,mouse,0.531942,0.45,4.84,53.68,430.70,2.509,25.567,3.496,20.444
206,10.330,1,mouse,0.961474,226.91,341.29,525.52,475.55,2.508,25.547,3.275,20.933
206,10.330,1,mouse,0.833030,0.00,29.75,64.43,480.00,2.508,25.547,3.275,20.933
206,10.330,1,mouse,0.414362,0.37,6.72,61.01,373.35,2.508,25.547,3.275,20.933
206,10.330,1,mouse,0.336460,261.74,2.01,421.00,81.08,2.508,25.547,3.275,20.933
207,10.395,1,mouse,0.943029,304.66,18.43,456.70,125.53,2.543,25.554,3.526,20.383
207,10.395,1,mouse,0.885803,0.00,0.00,108.24,476.18,2.543,25.554,3.526,20.383
207,10.395,1,mouse,0.849662,265.18,365.46,564.55,476.16,2.543,25.554,3.526,20.383
208,10.460,1,mouse,0.972919,312.37,60.04,473.69,166.40,2.550,26.692,3.448,19.891
208,10.460,1,mouse,0.940709,0.00,129.79,118.15,477.44,2.550,26.692,3.448,19.891
209,10.502,1,mouse,0.805490,0.11,0.00,157.02,470.99,2.577,25.556,3.236,20.313
209,10.502,1,mouse,0.431128,353.73,426.18,564.69,477.86,2.577,25.556,3.236,20.313
210,10.559,1,mouse,0.959957,341.26,133.61,498.95,230.32,2.728,25.533,3.334,20.018
210,10.559,1,mouse,0.935361,0.14,120.55,143.08,475.75,2.728,25.533,3.334,20.018
211,10.600,1,mouse,0.876888,329.72,162.92,522.36,257.67,2.616,25.575,2.948,20.476
212,10.659,1,mouse,0.963699,400.06,157.51,559.59,258.68,2.776,25.503,3.407,20.114
213,10.700,1,mouse,0.950438,397.24,181.84,562.90,277.08,3.306,25.536,3.036,20.526
214,10.759,1,mouse,0.943139,446.79,177.85,614.11,272.89,2.576,25.498,3.148,20.193
215,10.800,1,mouse,0.959263,443.50,186.82,607.14,279.03,2.520,25.762,3.158,20.560
216,10.860,1,mouse,0.900785,470.38,164.33,638.99,251.99,2.515,25.526,3.211,20.228
217,10.899,1,mouse,0.967572,472.45,163.69,635.43,256.82,2.579,25.549,2.952,20.598
218,10.958,1,mouse,0.947736,488.45,163.60,640.00,254.12,2.497,25.527,3.142,20.261
219,10.998,1,mouse,0.906050,495.33,181.95,640.00,270.18,2.549,25.526,3.002,20.712
220,11.059,1,mouse,0.566797,526.24,198.19,640.00,284.00,2.656,25.538,3.248,20.300
221,11.099,1,mouse,0.447867,525.92,206.15,639.71,293.93,2.614,25.501,3.088,20.724
222,11.156,,,,,,,,2.729,25.514,1.510,20.405
223,11.194,,,,,,,,2.554,25.499,1.529,21.010
224,11.256,,,,,,,,2.525,25.537,1.631,20.521
225,11.295,0,bottle,0.436424,318.40,9.52,394.23,236.12,2.586,25.494,2.978,20.993
226,11.358,1,mouse,0.398225,547.28,187.43,640.00,274.19,2.550,25.517,3.318,20.496
227,11.399,1,mouse,0.865632,310.85,386.39,634.32,475.43,2.545,25.502,3.030,20.920
227,11.399,1,mouse,0.474328,0.00,140.83,175.22,240.46,2.545,25.502,3.030,20.920
227,11.399,1,mouse,0.308234,538.01,166.60,640.00,262.41,2.545,25.502,3.030,20.920
228,11.459,1,mouse,0.602371,544.82,122.97,640.00,205.80,2.767,25.566,3.101,20.493
228,11.459,1,mouse,0.558944,309.36,325.02,637.89,459.38,2.767,25.566,3.101,20.493
229,11.499,1,mouse,0.830045,307.93,312.22,636.48,458.39,2.640,25.500,2.937,20.895
230,11.560,1,mouse,0.973872,309.06,285.58,638.09,422.19,2.823,25.533,3.281,20.492
230,11.560,1,mouse,0.950935,545.37,69.81,640.00,171.65,2.823,25.533,3.281,20.492
231,11.601,1,mouse,0.760605,309.28,287.49,637.37,427.32,2.596,25.536,3.312,20.825
232,11.659,1,mouse,0.926687,310.94,273.81,638.98,408.65,2.634,25.507,3.067,20.488
233,11.699,1,mouse,0.901210,299.45,269.84,629.07,410.60,2.562,25.741,2.981,20.865
234,11.760,1,mouse,0.953279,281.67,250.11,611.51,399.92,2.841,25.577,3.284,20.453
234,11.760,1,mouse,0.809033,530.46,55.55,640.00,140.70,2.841,25.577,3.284,20.453
235,11.800,1,mouse,0.786910,271.65,249.16,602.60,398.19,2.568,25.554,2.990,20.828
236,11.859,1,mouse,0.838968,252.06,248.02,584.78,399.48,2.512,25.557,3.186,20.478
237,11.900,1,mouse,0.704551,245.96,248.38,579.60,397.89,2.521,25.679,3.042,20.829
237,11.900,2,keyboard,0.285148,16.44,55.59,621.04,355.56,2.521,25.679,3.042,20.829
238,11.961,1,mouse,0.875859,499.38,56.62,640.00,152.41,2.733,25.589,3.173,20.442
238,11.961,1,mouse,0.827669,230.75,248.06,569.79,392.40,2.733,25.589,3.173,20.442
239,12.002,1,mouse,0.831827,497.73,57.77,640.00,144.53,2.499,25.758,3.373,20.729
239,12.002,1,mouse,0.816924,228.15,246.79,568.28,397.57,2.499,25.758,3.373,20.729
240,12.059,1,mouse,0.964053,490.40,65.32,640.00,149.41,2.474,25.619,3.262,20.421
240,12.059,1,mouse,0.890857,218.99,255.97,554.98,400.07,2.474,25.619,3.262,20.421
241,12.100,1,mouse,0.908374,484.29,67.55,640.00,147.33,2.559,25.592,2.904,20.806
241,12.100,1,mouse,0.526709,209.53,254.30,551.77,400.29,2.559,25.592,2.904,20.806
242,12.160,1,mouse,0.947500,482.11,74.22,639.74,155.73,2.750,25.547,3.150,20.416
242,12.160,1,mouse,0.504244,202.79,260.19,541.85,389.04,2.750,25.547,3.150,20.416
243,12.200,1,mouse,0.871248,492.13,70.80,640.00,149.93,2.563,25.500,3.005,20.798
243,12.200,1,mouse,0.841473,204.03,255.86,551.30,396.05,2.563,25.500,3.005,20.798
244,12.259,1,mouse,0.709318,205.33,261.15,552.53,405.27,2.728,25.509,3.293,20.418
244,12.259,1,mouse,0.373452,497.56,74.22,640.00,159.10,2.728,25.509,3.293,20.418
245,12.297,,,,,,,,2.637,25.539,1.520,20.938
246,12.360,1,mouse,0.748173,213.99,260.20,564.86,371.14,2.709,25.550,3.367,20.489
247,12.400,1,mouse,0.714039,210.57,257.66,561.48,371.55,2.572,25.795,3.030,20.833
248,12.458,1,mouse,0.892341,211.38,251.62,566.93,400.48,2.521,25.538,3.129,20.484
249,12.500,2,keyboard,0.555120,60.46,69.25,614.24,338.15,2.536,25.573,2.926,20.885
249,12.500,1,mouse,0.554087,219.48,240.94,574.65,350.31,2.536,25.573,2.926,20.885
250,12.560,1,mouse,0.849545,215.26,232.18,575.58,384.07,2.763,25.536,3.183,20.465
250,12.560,1,mouse,0.574858,564.94,78.61,639.84,151.11,2.763,25.536,3.183,20.465
251,12.601,1,mouse,0.350502,582.02,63.13,639.76,139.41,2.584,25.576,2.809,20.830
251,12.601,1,mouse,0.329702,222.47,224.49,587.34,336.64,2.584,25.576,2.809,20.830
252,12.642,1,mouse,0.510879,221.21,228.16,586.26,343.34,2.507,25.815,2.936,21.188
253,12.702,1,mouse,0.846847,231.53,223.18,599.16,380.02,2.534,25.533,3.071,20.696
254,12.772,1,mouse,0.754179,229.52,240.75,584.15,392.39,3.167,25.438,3.314,20.078
254,12.772,2,keyboard,0.454210,98.93,74.79,607.32,362.02,3.167,25.438,3.314,20.078
255,12.834,,,,,,,,2.809,25.526,1.756,19.704
256,12.875,1,mouse,0.838395,225.17,270.22,582.10,419.11,2.534,25.737,3.247,20.080
256,12.875,1,mouse,0.492478,0.17,108.61,118.23,264.33,2.534,25.737,3.247,20.080
256,12.875,1,mouse,0.446292,0.00,108.17,118.46,341.01,2.534,25.737,3.247,20.080
257,12.933,,,,,,,,2.795,25.568,1.576,19.820
258,12.974,1,mouse,0.890313,196.17,278.78,551.25,434.49,2.588,25.751,3.162,20.292
259,13.036,1,mouse,0.469765,185.54,289.78,539.08,428.49,3.090,25.521,3.308,19.876
260,13.076,1,mouse,0.728332,179.06,299.79,532.42,460.01,2.637,25.487,2.889,20.335
260,13.076,1,mouse,0.581119,577.34,93.89,639.86,170.58,2.637,25.487,2.889,20.335
261,13.135,1,mouse,0.583470,580.01,78.37,639.88,158.84,2.718,25.543,3.076,20.018
261,13.135,1,mouse,0.558250,170.61,288.09,517.71,406.39,2.718,25.543,3.076,20.018
262,13.176,1,mouse,0.599823,156.99,293.73,501.69,448.04,2.617,25.515,3.905,20.433
263,13.235,1,mouse,0.860666,139.08,283.79,474.24,406.16,2.508,25.538,3.473,20.087
263,13.235,1,mouse,0.390262,560.62,58.12,640.00,155.00,2.508,25.538,3.473,20.087
264,13.276,1,mouse,0.686791,123.29,284.20,463.83,398.54,2.607,25.506,3.108,20.506
265,13.333,1,mouse,0.746470,108.19,264.62,445.96,407.72,2.751,25.607,3.088,20.160
265,13.333,1,mouse,0.386905,532.50,43.81,640.00,138.80,2.751,25.607,3.088,20.160
266,13.373,1,mouse,0.803068,97.81,260.62,433.90,386.27,2.562,25.796,3.006,20.686
267,13.435,1,mouse,0.833529,66.58,259.52,404.24,396.58,2.836,25.589,3.234,20.261
268,13.475,1,mouse,0.935293,491.88,40.26,639.78,126.86,2.547,25.511,2.993,20.707
268,13.475,1,mouse,0.918386,65.37,256.30,404.94,401.99,2.547,25.511,2.993,20.707
269,13.535,1,mouse,0.896122,446.68,32.27,640.00,119.02,2.819,25.559,3.168,20.316
269,13.535,1,mouse,0.881447,42.54,245.48,373.30,397.20,2.819,25.559,3.168,20.316
270,13.575,1,mouse,0.937198,39.83,243.11,371.83,399.12,2.551,25.509,3.235,20.738
270,13.575,1,mouse,0.912528,469.79,28.09,639.74,116.17,2.551,25.509,3.235,20.738
271,13.636,1,mouse,0.940760,410.21,17.43,637.01,109.17,2.761,25.505,3.500,20.346
271,13.636,1,mouse,0.928799,8.61,242.92,346.40,397.96,2.761,25.505,3.500,20.346
272,13.677,1,mouse,0.957251,11.11,246.06,347.23,403.48,2.595,25.499,3.152,20.722
272,13.677,1,mouse,0.788951,439.85,19.99,634.79,112.17,2.595,25.499,3.152,20.722
273,13.738,1,mouse,0.944091,2.20,261.42,325.90,409.80,2.766,25.559,3.295,20.304
273,13.738,1,mouse,0.888345,441.18,24.62,634.76,113.69,2.766,25.559,3.295,20.304
274,13.779,1,mouse,0.963034,410.87,35.17,620.87,121.43,2.491,25.561,3.237,20.666
274,13.779,1,mouse,0.865779,2.91,267.33,322.14,431.85,2.491,25.561,3.237,20.666
275,13.840,1,mouse,0.941353,1.47,282.82,296.29,434.12,2.783,25.578,3.202,20.256
275,13.840,1,mouse,0.917680,403.24,42.70,595.97,129.15,2.783,25.578,3.202,20.256
276,13.905,1,mouse,0.961233,398.18,52.49,593.84,144.62,2.807,25.836,3.451,19.781
276,13.905,1,mouse,0.825164,3.50,297.68,276.80,451.17,2.807,25.836,3.451,19.781
277,13.946,1,mouse,0.963245,1.93,306.57,270.12,459.33,2.575,25.712,3.236,20.154
277,13.946,1,mouse,0.947106,389.69,66.32,579.74,151.80,2.575,25.712,3.236,20.154
278,14.003,1,mouse,0.952288,375.05,79.63,570.85,171.20,2.511,25.532,3.568,19.904
278,14.003,1,mouse,0.872758,0.41,332.31,259.15,473.87,2.511,25.532,3.568,19.904
279,14.044,1,mouse,0.950682,0.35,340.31,256.45,473.69,2.561,25.493,3.021,20.337
279,14.044,1,mouse,0.929319,338.74,99.24,563.00,185.18,2.561,25.493,3.021,20.337
280,14.103,1,mouse,0.950412,0.00,359.70,248.39,472.92,2.771,25.538,3.086,20.001
280,14.103,1,mouse,0.922713,357.27,111.48,559.45,199.54,2.771,25.538,3.086,20.001
280,14.103,0,bottle,0.425965,378.28,0.00,463.43,111.77,2.771,25.538,3.086,20.001
281,14.145,1,mouse,0.933320,0.00,365.58,243.84,472.48,2.562,25.774,3.068,20.403
281,14.145,1,mouse,0.919935,362.65,118.57,556.53,207.19,2.562,25.774,3.068,20.403
282,14.205,1,mouse,0.941049,354.97,129.94,551.81,216.25,3.271,25.546,3.205,20.052
282,14.205,1,mouse,0.904868,0.00,378.64,233.32,473.35,3.271,25.546,3.205,20.052
283,14.246,1,mouse,0.932527,325.76,132.84,538.89,219.43,2.567,25.570,3.004,20.430
283,14.246,1,mouse,0.831199,1.23,380.32,220.74,473.30,2.567,25.570,3.004,20.430
283,14.246,2,keyboard,0.264981,0.00,120.27,602.07,381.59,2.567,25.570,3.004,20.430
284,14.304,1,mouse,0.955648,338.74,141.17,533.68,227.98,2.515,25.544,3.192,20.149
284,14.304,1,mouse,0.920815,1.54,390.07,215.30,477.14,2.515,25.544,3.192,20.149
285,14.345,1,mouse,0.956406,0.47,396.01,209.64,477.44,2.508,25.525,2.953,20.526
285,14.345,1,mouse,0.924491,309.30,139.93,530.09,228.79,2.508,25.525,2.953,20.526
286,14.403,1,mouse,0.939839,330.73,151.89,525.71,241.54,2.515,25.585,3.528,20.181
286,14.403,1,mouse,0.895355,0.40,410.34,206.72,477.52,2.515,25.585,3.528,20.181
287,14.444,1,mouse,0.869175,0.09,414.19,199.61,477.55,2.574,25.545,2.995,20.598
287,14.444,1,mouse,0.827794,315.87,155.60,519.40,244.86,2.574,25.545,2.995,20.598
288,14.504,1,mouse,0.914451,315.80,166.16,515.86,255.76,2.833,25.494,3.204,20.230
288,14.504,1,mouse,0.698586,0.00,429.47,197.45,478.84,2.833,25.494,3.204,20.230
289,14.546,1,mouse,0.933902,315.40,168.84,517.22,257.08,2.552,25.511,3.187,20.585
289,14.546,1,mouse,0.500660,0.18,431.15,196.02,479.13,2.552,25.511,3.187,20.585
290,14.603,1,mouse,0.960993,321.67,174.90,521.93,264.97,2.509,25.524,3.084,20.276
291,14.643,1,mouse,0.968449,323.04,175.72,520.09,264.95,2.518,25.786,2.858,20.679
292,14.705,1,mouse,0.933083,320.90,182.83,520.88,273.19,3.374,25.506,3.033,20.271
293,14.745,1,mouse,0.933332,318.62,184.32,511.96,274.82,2.531,25.544,3.070,20.641
294,14.803,1,mouse,0.952525,313.98,199.49,512.30,288.98,2.510,25.566,3.521,20.322
295,14.843,1,mouse,0.902132,309.38,205.75,498.34,294.23,2.491,25.751,3.092,20.750
296,14.904,1,mouse,0.890389,293.89,228.34,495.55,318.64,2.797,25.604,3.088,20.351
296,14.904,0,bottle,0.707555,303.51,12.98,392.41,221.29,2.797,25.604,3.088,20.351
297,14.946,1,mouse,0.896621,282.71,233.25,489.28,323.03,2.538,25.792,3.086,20.682
297,14.946,0,bottle,0.752580,304.63,17.44,392.65,223.46,2.538,25.792,3.086,20.682
298,15.003,1,mouse,0.952504,287.30,238.19,482.46,329.57,2.495,25.556,3.189,20.360
298,15.003,0,bottle,0.586835,295.31,21.96,380.47,233.30,2.495,25.556,3.189,20.360
299,15.044,1,mouse,0.934479,287.80,247.41,484.30,337.49,2.533,25.769,2.952,20.761
299,15.044,0,bottle,0.416430,294.82,68.75,381.20,237.77,2.533,25.769,2.952,20.761
300,15.103,1,mouse,0.953839,272.93,252.06,462.44,341.92,2.768,25.545,3.150,20.379
301,15.142,1,mouse,0.904181,268.63,262.46,470.75,352.88,2.520,25.773,3.010,20.814
302,15.203,1,mouse,0.869782,287.57,278.66,478.54,369.05,2.529,25.500,3.318,20.410
302,15.203,0,bottle,0.772374,290.84,59.94,381.12,265.87,2.529,25.500,3.318,20.410
302,15.203,0,bottle,0.622118,100.36,20.16,186.28,281.42,2.529,25.500,3.318,20.410
303,15.243,1,mouse,0.889349,299.15,285.38,477.14,373.32,2.516,25.550,2.988,20.819
304,15.304,1,mouse,0.931708,301.52,297.72,489.88,389.28,2.823,25.557,3.197,20.419
304,15.304,0,bottle,0.590647,108.61,46.06,194.60,283.56,2.823,25.557,3.197,20.419
305,15.346,1,mouse,0.914100,305.16,298.11,495.41,389.66,2.526,25.559,3.041,20.748
305,15.346,0,bottle,0.276866,304.74,91.97,393.95,278.26,2.526,25.559,3.041,20.748
306,15.403,1,mouse,0.850112,302.48,307.86,494.66,399.97,2.471,25.538,3.137,20.418
306,15.403,0,bottle,0.849057,304.02,85.10,396.20,292.27,2.471,25.538,3.137,20.418
306,15.403,0,bottle,0.820303,112.55,40.49,204.01,307.89,2.471,25.538,3.137,20.418
307,15.444,1,mouse,0.931759,312.13,316.70,501.79,406.50,2.589,25.745,2.947,20.799
308,15.512,0,bottle,0.729738,314.28,106.82,406.88,312.09,2.812,25.861,3.274,20.200
308,15.512,1,mouse,0.690209,320.50,328.93,507.40,420.33,2.812,25.861,3.274,20.200
309,15.552,1,mouse,0.783419,326.49,346.78,510.19,435.62,2.593,25.537,2.954,20.604
309,15.552,0,bottle,0.265242,320.00,176.50,411.26,327.29,2.593,25.537,2.954,20.604
310,15.592,1,mouse,0.777695,331.62,350.50,521.50,439.25,2.566,25.561,2.960,21.049
311,15.633,0,bottle,0.750325,331.44,136.29,419.44,339.54,2.547,25.567,3.034,21.440
311,15.633,1,mouse,0.552204,332.64,357.69,526.31,448.29,2.547,25.567,3.034,21.440
311,15.633,0,bottle,0.443726,138.99,93.72,226.10,353.17,2.547,25.567,3.034,21.440
312,15.675,1,mouse,0.880434,337.59,361.20,529.69,451.05,2.498,25.544,4.653,21.665
312,15.675,0,bottle,0.785713,332.82,141.71,419.73,343.66,2.498,25.544,4.653,21.665
313,15.715,1,mouse,0.855736,335.71,365.94,528.67,456.11,2.471,25.562,3.179,21.953
313,15.715,0,bottle,0.847916,333.17,141.81,421.41,345.88,2.471,25.562,3.179,21.953
313,15.715,0,bottle,0.345411,142.16,106.40,228.95,365.06,2.471,25.562,3.179,21.953
314,15.756,0,bottle,0.721344,137.91,118.47,228.21,370.08,2.549,25.527,3.043,22.218
314,15.756,1,mouse,0.676812,333.37,371.87,521.69,460.33,2.549,25.527,3.043,22.218
314,15.756,0,bottle,0.491160,329.80,148.93,420.34,352.32,2.549,25.527,3.043,22.218
315,15.795,0,bottle,0.624161,132.97,119.21,226.29,378.78,2.532,25.553,2.962,22.503
316,15.835,1,mouse,0.444137,319.48,387.22,509.70,474.62,2.539,25.566,2.971,22.784
317,15.875,0,bottle,0.453180,124.36,134.53,215.30,387.26,2.503,25.728,2.899,23.004
318,15.915,0,bottle,0.703613,320.68,168.96,408.85,375.57,2.508,25.535,3.038,23.206
318,15.915,0,bottle,0.584149,133.04,119.01,215.59,394.73,2.508,25.535,3.038,23.206
318,15.915,1,mouse,0.406759,326.93,394.76,516.27,475.83,2.508,25.535,3.038,23.206
319,15.956,0,bottle,0.758655,132.54,119.35,214.42,386.01,2.547,25.548,3.016,23.345
319,15.956,0,bottle,0.749954,320.79,166.81,408.77,368.86,2.547,25.548,3.016,23.345
319,15.956,1,mouse,0.659377,323.80,389.11,516.02,475.50,2.547,25.548,3.016,23.345
320,15.996,0,bottle,0.885840,323.61,169.17,411.09,376.88,2.506,25.585,2.983,23.494
320,15.996,1,mouse,0.348568,328.02,396.93,519.06,477.26,2.506,25.585,2.983,23.494
321,16.037,0,bottle,0.573259,134.29,150.81,217.74,391.45,2.466,25.594,3.178,23.597
321,16.037,0,bottle,0.441568,323.81,182.36,411.35,377.47,2.466,25.594,3.178,23.597
321,16.037,1,mouse,0.417965,325.93,397.69,520.39,477.84,2.466,25.594,3.178,23.597
322,16.077,0,bottle,0.764538,323.50,177.40,413.22,382.53,2.492,25.556,3.020,23.712
322,16.077,1,mouse,0.640123,328.47,401.24,519.78,476.39,2.492,25.556,3.020,23.712
323,16.151,0,bottle,0.861678,324.75,176.98,415.33,382.34,3.059,25.909,3.079,22.693
323,16.151,0,bottle,0.769740,135.12,129.19,221.75,401.61,3.059,25.909,3.079,22.693
324,16.192,0,bottle,0.876407,324.71,182.05,415.73,396.68,2.550,25.496,3.069,22.906
324,16.192,1,mouse,0.658894,331.76,408.38,519.46,476.98,2.550,25.496,3.069,22.906
324,16.192,0,bottle,0.545487,134.83,155.40,220.66,405.45,2.550,25.496,3.069,22.906
325,16.233,0,bottle,0.750490,326.39,181.90,412.62,389.28,2.556,25.535,3.043,23.053
325,16.233,0,bottle,0.571500,134.93,147.01,219.64,405.03,2.556,25.535,3.043,23.053
325,16.233,1,mouse,0.393283,332.37,407.85,517.05,476.40,2.556,25.535,3.043,23.053
325,16.233,0,bottle,0.392854,344.76,182.67,397.08,364.90,2.556,25.535,3.043,23.053
326,16.274,0,bottle,0.838686,326.22,182.40,414.05,391.68,2.483,25.551,2.954,23.214
326,16.274,0,bottle,0.681125,135.18,163.74,219.05,410.36,2.483,25.551,2.954,23.214
326,16.274,1,mouse,0.636829,333.31,408.89,520.63,476.81,2.483,25.551,2.954,23.214
327,16.314,0,bottle,0.851508,323.89,184.70,413.54,391.37,2.498,25.581,3.007,23.338
327,16.314,0,bottle,0.730544,133.84,142.29,219.27,411.62,2.498,25.581,3.007,23.338
327,16.314,1,mouse,0.635459,331.52,410.23,518.31,476.99,2.498,25.581,3.007,23.338
328,16.354,0,bottle,0.808540,323.53,188.85,411.36,394.67,2.544,25.572,2.958,23.478
328,16.354,0,bottle,0.442994,133.95,119.38,217.46,413.25,2.544,25.572,2.958,23.478
328,16.354,1,mouse,0.303933,330.87,414.15,517.51,476.96,2.544,25.572,2.958,23.478
329,16.394,0,bottle,0.634341,321.40,199.05,410.23,402.19,2.533,25.560,3.093,23.619
330,16.434,0,bottle,0.757331,124.78,174.27,211.29,419.81,2.473,25.575,3.196,23.776
330,16.434,0,bottle,0.515974,316.80,202.03,406.29,405.10,2.473,25.575,3.196,23.776
331,16.474,0,bottle,0.771720,314.91,204.39,406.51,411.41,2.496,25.558,3.099,23.890
331,16.474,0,bottle,0.598276,124.58,154.23,212.12,431.26,2.496,25.558,3.099,23.890
332,16.511,,,,,,,,2.477,25.550,1.421,24.154
333,16.552,0,bottle,0.523060,308.39,198.90,398.62,408.32,2.500,25.577,2.997,24.282
333,16.552,0,bottle,0.262839,116.07,178.95,201.99,423.90,2.500,25.577,2.997,24.282
334,16.592,0,bottle,0.750323,306.90,198.84,398.74,404.96,2.531,25.551,2.975,24.311
334,16.592,0,bottle,0.311176,115.15,181.70,204.64,426.44,2.531,25.551,2.975,24.311
335,16.632,0,bottle,0.904039,305.82,197.16,396.03,392.12,2.549,25.542,2.998,24.383
335,16.632,0,bottle,0.807831,112.08,160.32,203.86,411.15,2.549,25.542,2.998,24.383
336,16.670,,,,,,,,2.512,25.566,2.374,24.505
337,16.710,0,bottle,0.733350,297.90,163.51,389.03,369.81,2.495,25.553,2.996,24.608
337,16.710,0,bottle,0.621549,106.25,127.58,197.51,388.84,2.495,25.553,2.996,24.608
338,16.749,0,bottle,0.369249,301.32,162.48,392.16,368.69,2.506,25.569,2.982,24.690
339,16.787,,,,,,,,2.503,25.620,1.478,24.848
340,16.832,1,mouse,0.889731,304.69,369.77,489.57,459.49,2.555,25.593,3.307,24.706
340,16.832,0,bottle,0.749506,95.74,112.37,178.89,372.62,2.555,25.593,3.307,24.706
340,16.832,0,bottle,0.643051,285.09,148.25,374.24,347.05,2.555,25.593,3.307,24.706
341,16.872,1,mouse,0.843238,303.33,363.86,485.79,436.35,2.544,25.581,3.071,24.622
341,16.872,0,bottle,0.647779,285.51,145.77,373.55,340.04,2.544,25.581,3.071,24.622
342,16.912,0,bottle,0.947972,280.79,128.45,370.59,319.15,2.506,25.566,2.984,24.654
343,16.951,0,bottle,0.840529,280.53,101.87,368.63,288.79,2.522,25.531,2.966,24.733
344,16.991,1,mouse,0.767585,288.16,283.33,469.20,372.12,2.488,25.567,3.013,24.807
345,17.030,0,bottle,0.704793,262.05,63.62,351.95,252.18,2.492,25.546,2.937,24.859
346,17.069,1,mouse,0.756724,280.21,232.54,457.70,319.75,2.460,25.543,3.013,24.912
347,17.110,1,mouse,0.768944,257.52,227.13,442.20,315.17,2.574,25.508,2.946,24.934
348,17.151,,,,,,,,2.506,25.594,1.561,24.811
349,17.193,1,mouse,0.812136,246.52,185.88,425.90,273.50,2.488,25.526,3.098,24.724
350,17.234,1,mouse,0.966403,251.10,189.78,425.72,275.06,2.490,25.550,2.992,24.757
351,17.274,1,mouse,0.521602,248.93,177.36,427.45,260.39,2.482,25.553,3.045,24.733
352,17.314,1,mouse,0.938450,252.47,165.35,429.81,249.99,2.473,25.539,2.982,24.776
353,17.354,1,mouse,0.738644,251.84,161.82,428.76,231.25,2.483,25.543,2.969,24.803
354,17.395,1,mouse,0.907219,260.63,125.61,442.28,214.07,2.489,25.569,2.909,24.838
354,17.395,1,mouse,0.529305,2.10,427.65,302.40,479.58,2.489,25.569,2.909,24.838
355,17.459,1,mouse,0.824881,8.01,401.45,305.84,477.43,2.787,25.639,3.133,23.895
355,17.459,1,mouse,0.722251,262.98,119.32,438.71,196.00,2.787,25.639,3.133,23.895
356,17.500,1,mouse,0.929114,270.44,99.07,449.92,183.28,2.549,25.534,3.021,23.955
356,17.500,1,mouse,0.883281,11.33,394.09,315.82,477.82,2.549,25.534,3.021,23.955
357,17.559,1,mouse,0.956488,274.50,95.11,453.71,179.04,2.636,25.538,3.133,23.256
357,17.559,1,mouse,0.922068,14.87,387.25,325.62,476.60,2.636,25.538,3.133,23.256
358,17.600,1,mouse,0.948059,272.51,87.69,453.35,174.28,2.603,25.529,3.048,23.344
358,17.600,1,mouse,0.917370,16.45,382.16,331.05,476.23,2.603,25.529,3.048,23.344
359,17.660,1,mouse,0.959042,10.41,351.03,325.80,471.11,2.708,25.561,3.426,22.700
359,17.660,1,mouse,0.896954,267.45,72.58,443.84,150.89,2.708,25.561,3.426,22.700
360,17.701,1,mouse,0.970328,18.38,350.54,321.99,471.94,2.556,25.547,3.068,22.853
360,17.701,1,mouse,0.948989,273.32,60.03,452.64,145.00,2.556,25.547,3.068,22.853
360,17.701,1,mouse,0.335011,0.16,97.61,68.14,182.69,2.556,25.547,3.068,22.853
361,17.759,1,mouse,0.970996,277.02,62.65,454.20,148.68,2.709,25.598,3.147,22.284
361,17.759,1,mouse,0.951465,31.37,355.21,339.82,473.14,2.709,25.598,3.147,22.284
362,17.801,1,mouse,0.975999,279.45,63.73,456.81,151.30,2.543,25.533,2.992,22.513
362,17.801,1,mouse,0.871246,33.35,359.31,350.26,472.72,2.543,25.533,2.992,22.513
362,17.801,1,mouse,0.355800,0.70,122.09,80.80,198.13,2.543,25.533,2.992,22.513
362,17.801,1,mouse,0.325540,0.03,118.25,77.87,235.81,2.543,25.533,2.992,22.513
363,17.860,1,mouse,0.971925,275.18,62.90,452.09,147.52,2.522,25.563,3.137,21.953
363,17.860,1,mouse,0.935933,28.50,351.89,352.63,472.44,2.522,25.563,3.137,21.953
363,17.860,1,mouse,0.471483,0.13,117.10,66.01,260.20,2.522,25.563,3.137,21.953
364,17.900,1,mouse,0.962712,274.45,61.21,453.51,146.62,2.538,25.560,2.953,22.163
364,17.900,1,mouse,0.957397,32.33,351.10,351.53,472.09,2.538,25.560,2.953,22.163
365,17.959,1,mouse,0.961301,11.28,336.28,334.44,473.89,2.758,25.567,3.196,21.649
365,17.959,1,mouse,0.894441,257.51,48.60,433.15,133.16,2.758,25.567,3.196,21.649
366,18.001,1,mouse,0.917813,257.77,44.70,432.26,130.76,2.512,25.521,2.983,21.958
366,18.001,1,mouse,0.801263,11.08,334.61,322.80,470.72,2.512,25.521,2.983,21.958
367,18.059,1,mouse,0.948623,256.85,35.01,430.62,122.11,2.711,25.532,3.493,21.433
367,18.059,1,mouse,0.854142,9.60,325.58,316.91,471.86,2.711,25.532,3.493,21.433
368,18.099,1,mouse,0.929887,7.57,323.01,317.99,474.01,2.567,25.523,3.078,21.748
368,18.099,1,mouse,0.906021,233.23,31.72,420.76,119.66,2.567,25.523,3.078,21.748
369,18.160,1,mouse,0.935832,239.47,21.92,419.82,110.59,2.664,25.555,3.422,21.263
369,18.160,1,mouse,0.931993,6.39,317.35,314.56,474.30,2.664,25.555,3.422,21.263
370,18.200,1,mouse,0.960129,234.12,30.16,407.55,118.14,2.574,25.495,3.089,21.560
370,18.200,1,mouse,0.915268,2.81,322.72,310.66,472.50,2.574,25.495,3.089,21.560
371,18.259,1,mouse,0.952263,221.37,26.52,396.62,114.01,2.731,25.598,3.187,21.111
371,18.259,1,mouse,0.848093,0.84,315.75,297.82,474.64,2.731,25.598,3.187,21.111
372,18.302,1,mouse,0.955275,215.92,24.23,395.12,113.53,2.553,25.530,2.957,21.443
372,18.302,1,mouse,0.881319,1.52,313.50,296.95,473.81,2.553,25.530,2.957,21.443
372,18.302,1,mouse,0.401473,569.45,0.00,640.00,96.74,2.553,25.530,2.957,21.443
372,18.302,1,mouse,0.263818,566.17,0.07,640.00,65.07,2.553,25.530,2.957,21.443
373,18.358,1,mouse,0.969061,1.02,300.19,312.56,471.15,2.509,25.586,3.084,21.010
373,18.358,1,mouse,0.858209,222.57,11.09,398.30,99.14,2.509,25.586,3.084,21.010
374,18.398,1,mouse,0.971891,0.00,296.78,310.11,470.33,2.500,25.507,2.988,21.381
374,18.398,1,mouse,0.902876,220.16,5.00,399.24,92.65,2.500,25.507,2.988,21.381
375,18.460,1,mouse,0.961409,0.14,289.21,309.44,470.28,2.498,25.543,3.525,20.910
375,18.460,1,mouse,0.910364,178.92,0.25,399.44,83.61,2.498,25.543,3.525,20.910
376,18.501,1,mouse,0.970379,223.56,0.00,403.74,84.82,2.523,25.797,3.074,21.180
376,18.501,1,mouse,0.958533,0.10,289.45,308.45,470.08,2.523,25.797,3.074,21.180
377,18.560,1,mouse,0.971352,0.00,291.41,295.78,472.54,2.685,25.533,3.314,20.794
377,18.560,1,mouse,0.912604,170.41,0.12,390.10,87.70,2.685,25.533,3.314,20.794
378,18.601,1,mouse,0.966401,1.03,297.43,302.63,471.18,2.608,25.548,3.369,21.080
378,18.601,1,mouse,0.864786,205.30,1.94,390.29,89.69,2.608,25.548,3.369,21.080
379,18.658,1,mouse,0.979951,0.13,292.28,278.00,469.27,2.486,25.554,3.264,20.714
379,18.658,1,mouse,0.714239,197.67,5.41,380.20,92.28,2.486,25.554,3.264,20.714
380,18.698,1,mouse,0.964809,0.01,290.29,279.70,463.08,2.521,25.691,2.960,21.109
380,18.698,1,mouse,0.934246,150.08,2.01,369.70,90.00,2.521,25.691,2.960,21.109
381,18.761,1,mouse,0.951808,0.70,285.50,276.54,458.33,2.768,25.549,3.271,20.667
381,18.761,1,mouse,0.891906,151.94,0.00,369.39,83.83,2.768,25.549,3.271,20.667
382,18.801,1,mouse,0.947737,0.00,285.34,286.14,449.72,2.534,25.496,3.046,20.967
382,18.801,1,mouse,0.903677,185.05,0.00,369.13,83.85,2.534,25.496,3.046,20.967
383,18.859,1,mouse,0.916894,0.02,283.72,262.32,454.48,2.504,25.581,3.362,20.613
383,18.859,1,mouse,0.885013,138.45,0.13,356.26,83.91,2.504,25.581,3.362,20.613
384,18.900,1,mouse,0.937623,0.07,283.21,267.88,455.12,2.562,25.521,3.025,20.971
384,18.900,1,mouse,0.922898,168.91,0.00,353.28,83.98,2.562,25.521,3.025,20.971
385,18.959,1,mouse,0.963160,0.00,281.66,270.54,452.65,2.596,25.521,3.211,20.577
385,18.959,1,mouse,0.881636,175.72,0.00,359.53,82.25,2.596,25.521,3.211,20.577
386,19.001,1,mouse,0.956923,0.00,281.22,267.22,452.66,2.554,25.768,3.426,20.910
386,19.001,1,mouse,0.870602,151.94,0.29,361.67,79.49,2.554,25.768,3.426,20.910
387,19.059,1,mouse,0.857191,136.48,0.00,351.05,82.75,2.766,25.550,3.109,20.533
387,19.059,1,mouse,0.754954,0.68,279.33,246.09,454.60,2.766,25.550,3.109,20.533
388,19.098,1,mouse,0.889815,120.65,0.00,340.09,86.39,2.546,25.568,2.925,20.960
388,19.098,1,mouse,0.798356,0.51,280.76,235.92,452.24,2.546,25.568,2.925,20.960
389,19.161,1,mouse,0.949084,0.00,295.02,231.49,464.00,2.826,25.581,3.189,20.525
389,19.161,1,mouse,0.823889,114.06,2.31,328.37,91.90,2.826,25.581,3.189,20.525
389,19.161,1,mouse,0.405424,157.02,6.91,640.00,474.50,2.826,25.581,3.189,20.525
390,19.203,1,mouse,0.867829,132.06,10.07,326.68,98.97,3.496,25.748,3.091,20.759
390,19.203,1,mouse,0.849178,0.00,302.25,221.33,474.20,3.496,25.748,3.091,20.759
390,19.203,2,keyboard,0.264718,502.97,0.00,640.00,81.76,3.496,25.748,3.091,20.759
391,19.259,1,mouse,0.919856,125.40,12.19,312.09,101.08,2.522,25.571,3.286,20.480
391,19.259,1,mouse,0.917697,0.00,303.57,227.91,468.92,2.522,25.571,3.286,20.480
391,19.259,2,keyboard,0.304952,487.83,0.00,640.00,80.77,2.522,25.571,3.286,20.480
392,19.299,1,mouse,0.949158,0.00,299.83,196.70,469.25,2.577,25.526,3.050,20.866
392,19.299,1,mouse,0.878070,127.41,8.33,306.55,99.33,2.577,25.526,3.050,20.866
392,19.299,2,keyboard,0.278912,484.82,0.00,640.00,79.11,2.577,25.526,3.050,20.866
393,19.359,1,mouse,0.929705,0.00,294.37,183.19,466.39,2.716,25.596,3.273,20.465
393,19.359,1,mouse,0.761926,103.35,2.52,293.27,92.91,2.716,25.596,3.273,20.465
394,19.399,1,mouse,0.955460,0.00,301.33,181.40,470.49,2.520,25.559,3.332,20.893
394,19.399,1,mouse,0.918977,58.93,1.86,284.69,92.70,2.520,25.559,3.332,20.893
395,19.461,1,mouse,0.917836,0.00,305.57,196.37,472.36,2.741,25.580,3.273,20.480
395,19.461,1,mouse,0.826921,14.82,8.10,278.11,100.04,2.741,25.580,3.273,20.480
395,19.461,2,keyboard,0.426273,458.19,0.00,640.00,76.11,2.741,25.580,3.273,20.480
396,19.502,1,mouse,0.919806,94.88,6.47,279.18,100.33,2.523,25.558,3.036,20.773
396,19.502,1,mouse,0.895356,0.00,308.85,180.46,473.77,2.523,25.558,3.036,20.773
397,19.559,1,mouse,0.929821,0.00,318.07,168.34,475.64,2.515,25.537,3.117,20.465
397,19.559,1,mouse,0.812771,84.22,12.92,270.25,106.98,2.515,25.537,3.117,20.465
398,19.600,1,mouse,0.956250,0.00,323.76,173.61,473.62,2.531,25.524,2.979,20.868
398,19.600,1,mouse,0.852222,82.92,16.75,265.74,110.86,2.531,25.524,2.979,20.868
398,19.600,1,mouse,0.708643,153.99,70.58,640.00,473.51,2.531,25.524,2.979,20.868
399,19.664,1,mouse,0.940771,0.00,342.26,178.68,473.27,2.540,25.580,3.182,20.354
399,19.664,1,mouse,0.583094,80.78,34.57,263.64,128.42,2.540,25.580,3.182,20.354
399,19.664,1,mouse,0.272173,0.25,35.85,262.21,130.77,2.540,25.580,3.182,20.354
400,19.729,1,mouse,0.946233,0.00,360.23,177.54,473.07,2.571,25.526,3.626,19.872
400,19.729,1,mouse,0.903326,84.04,49.18,266.71,147.17,2.571,25.526,3.626,19.872
400,19.729,1,mouse,0.506718,141.25,0.00,640.00,473.10,2.571,25.526,3.626,19.872
401,19.770,1,mouse,0.936267,0.00,369.78,188.82,474.98,2.487,25.521,3.174,20.234
401,19.770,1,mouse,0.911600,80.82,58.79,265.25,155.16,2.487,25.521,3.174,20.234
402,19.828,1,mouse,0.955333,0.00,372.59,201.65,475.47,2.608,25.493,3.161,19.965
402,19.828,1,mouse,0.895382,94.20,64.00,272.98,160.43,2.608,25.493,3.161,19.965
402,19.828,1,mouse,0.307721,16.52,64.70,273.91,160.55,2.608,25.493,3.161,19.965
403,19.868,1,mouse,0.940629,0.00,373.69,197.63,475.22,2.603,25.526,3.116,20.378
403,19.868,1,mouse,0.890327,78.83,66.23,272.49,163.97,2.603,25.526,3.116,20.378
404,19.929,1,mouse,0.951890,0.00,377.86,193.44,475.55,2.763,25.500,3.236,20.030
404,19.929,1,mouse,0.893618,89.37,59.26,267.23,157.65,2.763,25.500,3.236,20.030
404,19.929,0,bottle,0.522618,211.11,0.00,430.02,90.10,2.763,25.500,3.236,20.030
404,19.929,1,mouse,0.480295,141.39,0.00,640.00,473.99,2.763,25.500,3.236,20.030
404,19.929,1,mouse,0.406089,12.21,61.28,265.87,157.33,2.763,25.500,3.236,20.030
405,19.971,1,mouse,0.953887,0.00,383.56,172.96,476.65,2.569,25.566,3.025,20.371
405,19.971,1,mouse,0.925858,42.69,67.77,265.82,166.13,2.569,25.566,3.025,20.371
406,20.027,1,mouse,0.950998,0.00,391.78,166.36,476.77,2.520,25.517,3.274,20.104
406,20.027,1,mouse,0.798602,48.66,70.02,254.57,170.69,2.520,25.517,3.274,20.104
406,20.027,0,bottle,0.283208,193.88,0.59,416.55,96.96,2.520,25.517,3.274,20.104
407,20.068,1,mouse,0.957223,0.00,391.12,146.96,476.67,2.541,25.772,2.984,20.499
407,20.068,1,mouse,0.891657,57.27,76.32,241.84,175.09,2.541,25.772,2.984,20.499
408,20.128,1,mouse,0.904434,0.00,408.97,140.93,476.19,2.522,25.604,3.318,20.156
408,20.128,1,mouse,0.600556,37.34,79.55,229.91,183.76,2.522,25.604,3.318,20.156
409,20.170,1,mouse,0.917587,0.00,410.52,134.19,476.23,2.529,25.536,3.039,20.468
409,20.170,1,mouse,0.839664,3.13,88.89,228.71,189.59,2.529,25.536,3.039,20.468
409,20.170,1,mouse,0.352467,404.09,0.00,638.86,107.17,2.529,25.536,3.039,20.468
409,20.170,2,keyboard,0.255319,57.20,0.00,639.46,477.53,2.529,25.536,3.039,20.468
410,20.228,1,mouse,0.956495,20.59,101.13,212.47,203.29,2.788,25.509,3.125,20.169
410,20.228,1,mouse,0.809966,0.00,425.87,117.20,477.57,2.788,25.509,3.125,20.169
410,20.228,1,mouse,0.657558,388.13,0.00,628.35,119.08,2.788,25.509,3.125,20.169
411,20.270,1,mouse,0.949639,20.50,99.45,209.39,199.39,2.543,25.547,3.347,20.507
411,20.270,1,mouse,0.865149,0.00,425.90,114.12,477.92,2.543,25.547,3.347,20.507
411,20.270,1,mouse,0.820092,385.89,0.00,626.27,116.20,2.543,25.547,3.347,20.507
412,20.328,1,mouse,0.935021,15.23,93.61,205.28,197.85,2.492,25.547,3.320,20.202
412,20.328,1,mouse,0.827841,0.00,426.93,109.46,478.90,2.492,25.547,3.320,20.202
412,20.328,1,mouse,0.718962,381.97,0.00,622.44,105.46,2.492,25.547,3.320,20.202
413,20.369,1,mouse,0.858380,12.68,99.02,202.62,201.19,2.532,25.755,2.928,20.551
413,20.369,1,mouse,0.289941,381.05,0.00,623.79,106.22,2.532,25.755,2.928,20.551
414,20.426,1,mouse,0.907502,14.05,111.19,204.15,220.01,2.496,25.559,3.216,20.240
415,20.465,1,mouse,0.894827,30.12,131.31,214.56,233.52,2.497,25.611,3.008,20.739
416,20.527,1,mouse,0.803100,37.02,151.55,227.44,260.27,2.846,25.459,3.440,20.300
417,20.567,1,mouse,0.870735,23.50,157.84,234.54,262.29,2.529,25.714,3.007,20.759
418,20.627,1,mouse,0.907126,63.45,152.42,260.80,257.50,2.608,25.540,3.134,20.367
419,20.669,1,mouse,0.846047,75.77,151.77,263.43,251.08,2.556,25.570,3.290,20.741
420,20.727,1,mouse,0.933325,87.09,129.80,267.07,233.50,2.526,25.533,3.219,20.383
421,20.765,,,,,,,,2.571,25.538,1.470,20.885
422,20.829,2,keyboard,0.751778,91.81,89.53,635.82,475.80,2.845,25.518,3.349,20.421
422,20.829,2,keyboard,0.293214,0.00,111.88,59.92,474.19,2.845,25.518,3.349,20.421
423,20.871,2,keyboard,0.847110,21.24,98.83,627.64,475.07,2.553,25.525,3.094,20.724
424,20.929,1,mouse,0.350683,0.00,114.95,626.82,480.00,2.671,25.565,3.359,20.404
424,20.929,0,bottle,0.308439,501.18,0.00,640.00,113.60,2.671,25.565,3.359,20.404
425,20.972,2,keyboard,0.821141,0.00,129.83,620.50,477.94,2.520,25.580,3.081,20.674
425,20.972,1,mouse,0.346322,171.08,95.65,319.81,171.11,2.520,25.580,3.081,20.674
425,20.972,0,bottle,0.340466,503.45,0.00,640.00,112.52,2.520,25.580,3.081,20.674
425,20.972,2,keyboard,0.265761,0.00,103.53,155.99,466.78,2.520,25.580,3.081,20.674
426,21.029,2,keyboard,0.697225,0.00,146.55,640.00,480.00,2.713,25.582,3.135,20.367
426,21.029,2,keyboard,0.641100,0.00,97.68,122.45,412.13,2.713,25.582,3.135,20.367
426,21.029,1,mouse,0.557233,138.47,86.51,327.95,171.37,2.713,25.582,3.135,20.367
426,21.029,1,mouse,0.477762,513.57,0.00,640.00,95.56,2.713,25.582,3.135,20.367
427,21.072,2,keyboard,0.541171,0.00,78.36,640.00,480.00,2.495,25.763,3.180,20.634
427,21.072,1,mouse,0.473459,517.26,0.00,640.00,95.54,2.495,25.763,3.180,20.634
427,21.072,1,mouse,0.388618,131.34,82.03,331.49,164.29,2.495,25.763,3.180,20.634
428,21.128,1,mouse,0.834281,121.63,73.10,329.13,165.73,2.514,25.573,3.194,20.357
428,21.128,2,keyboard,0.634077,0.00,111.95,640.00,480.00,2.514,25.573,3.194,20.357
429,21.170,1,mouse,0.895416,126.06,71.22,331.44,169.03,2.621,25.581,2.978,20.714
429,21.170,2,keyboard,0.815371,0.00,139.34,638.72,480.00,2.621,25.581,2.978,20.714
430,21.228,1,mouse,0.865065,130.59,64.88,329.21,176.01,2.697,25.533,3.176,20.352
430,21.228,2,keyboard,0.595596,0.00,184.06,634.04,480.00,2.697,25.533,3.176,20.352
431,21.269,1,mouse,0.919720,132.09,62.64,329.30,174.89,2.539,25.751,2.840,20.688
431,21.269,2,keyboard,0.811362,0.00,172.99,639.66,480.00,2.539,25.751,2.840,20.688
432,21.328,1,mouse,0.929648,131.44,62.99,332.58,174.60,2.529,25.616,3.356,20.350
432,21.328,2,keyboard,0.846580,0.00,181.06,639.67,480.00,2.529,25.616,3.356,20.350
433,21.369,2,keyboard,0.942846,0.00,173.75,635.11,480.00,2.525,25.570,2.920,20.702
433,21.369,1,mouse,0.605533,128.73,59.34,330.98,170.51,2.525,25.570,2.920,20.702
434,21.428,2,keyboard,0.974239,0.00,177.82,631.89,479.86,2.554,25.527,3.145,20.358
434,21.428,1,mouse,0.692302,128.11,58.25,330.63,168.52,2.554,25.527,3.145,20.358
435,21.470,2,keyboard,0.964143,0.00,171.31,633.29,479.87,2.537,25.569,3.205,20.664
435,21.470,1,mouse,0.885882,106.23,54.58,332.52,163.89,2.537,25.569,3.205,20.664
435,21.470,1,mouse,0.265973,0.00,67.72,93.44,173.46,2.537,25.569,3.205,20.664
436,21.529,2,keyboard,0.945814,0.00,164.43,635.01,480.00,2.498,25.494,3.230,20.345
436,21.529,1,mouse,0.867047,129.88,49.80,336.57,161.08,2.498,25.494,3.230,20.345
437,21.570,2,keyboard,0.953284,0.00,173.68,636.86,480.00,2.613,25.549,3.022,20.640
437,21.570,1,mouse,0.731140,120.92,49.34,340.46,160.47,2.613,25.549,3.022,20.640
438,21.628,2,keyboard,0.965554,0.00,175.88,632.53,479.97,2.523,25.555,3.285,20.323
438,21.628,1,mouse,0.869724,138.20,49.08,347.72,163.01,2.523,25.555,3.285,20.323
439,21.670,2,keyboard,0.967229,0.00,178.90,633.46,477.34,2.504,25.548,3.008,20.658
439,21.670,1,mouse,0.908709,137.62,51.41,346.72,166.31,2.504,25.548,3.008,20.658
440,21.729,1,mouse,0.958953,146.46,61.19,347.67,170.00,2.592,25.546,3.327,20.318
440,21.729,2,keyboard,0.958047,0.00,187.53,634.88,477.29,2.592,25.546,3.327,20.318
441,21.770,1,mouse,0.961087,144.68,61.05,348.35,176.35,2.506,25.527,3.098,20.631
441,21.770,2,keyboard,0.940336,0.00,188.08,633.07,476.68,2.506,25.527,3.098,20.631
442,21.828,2,keyboard,0.940171,0.00,212.24,635.18,476.07,2.575,25.547,3.221,20.316
442,21.828,1,mouse,0.923598,143.98,73.43,349.91,184.95,2.575,25.547,3.221,20.316
443,21.871,2,keyboard,0.929002,0.00,216.11,626.80,474.75,2.517,25.583,3.268,20.626
443,21.871,1,mouse,0.888283,138.22,76.93,344.87,188.23,2.517,25.583,3.268,20.626
444,21.928,2,keyboard,0.911133,0.00,215.24,632.77,474.48,2.496,25.546,3.185,20.315
444,21.928,1,mouse,0.899948,134.06,75.87,339.58,186.13,2.496,25.546,3.185,20.315
445,21.970,2,keyboard,0.916062,0.00,212.81,633.09,476.27,2.591,25.774,3.000,20.613
445,21.970,1,mouse,0.906477,132.42,75.74,334.40,183.83,2.591,25.774,3.000,20.613
446,22.028,2,keyboard,0.924245,0.00,212.32,633.04,478.34,2.498,25.571,2.995,20.303
446,22.028,1,mouse,0.890823,142.69,66.85,346.01,178.34,2.498,25.571,2.995,20.303
446,22.028,2,keyboard,0.283959,0.05,81.69,109.48,200.39,2.498,25.571,2.995,20.303
447,22.071,1,mouse,0.957621,156.85,64.17,359.90,170.77,2.795,25.548,3.045,20.624
447,22.071,2,keyboard,0.940642,0.00,189.46,633.11,480.00,2.795,25.548,3.045,20.624
447,22.071,0,bottle,0.288784,541.81,0.00,639.35,74.72,2.795,25.548,3.045,20.624
448,22.128,1,mouse,0.933818,124.14,48.34,363.58,157.71,2.510,25.534,3.380,20.299
448,22.128,2,keyboard,0.721851,0.00,186.64,638.60,480.00,2.510,25.534,3.380,20.299
449,22.169,2,keyboard,0.946310,0.00,169.95,636.32,480.00,2.521,25.537,3.063,20.644
449,22.169,1,mouse,0.923511,145.82,46.45,378.51,156.92,2.521,25.537,3.063,20.644
450,22.228,2,keyboard,0.881594,0.00,179.96,635.73,479.27,2.514,25.559,3.123,20.312
450,22.228,1,mouse,0.819417,203.78,50.85,394.60,159.60,2.514,25.559,3.123,20.312
451,22.270,2,keyboard,0.954374,0.00,175.67,637.11,479.95,2.556,25.561,3.208,20.664
451,22.270,1,mouse,0.898195,160.76,43.69,405.80,154.04,2.556,25.561,3.208,20.664
452,22.330,2,keyboard,0.949245,0.00,173.59,635.68,479.16,3.234,25.499,3.106,20.293
452,22.330,1,mouse,0.903864,171.91,44.95,411.65,155.20,3.234,25.499,3.106,20.293
452,22.330,1,mouse,0.327754,604.54,0.00,639.94,47.23,3.234,25.499,3.106,20.293
453,22.372,2,keyboard,0.944151,0.00,174.08,636.23,477.99,2.545,25.727,2.992,20.555
453,22.372,1,mouse,0.933866,193.28,44.92,412.23,154.68,2.545,25.727,2.992,20.555
453,22.372,1,mouse,0.547562,604.10,0.00,639.88,46.48,2.545,25.727,2.992,20.555
454,22.428,2,keyboard,0.935175,0.00,144.81,636.28,479.48,2.519,25.584,3.211,20.298
454,22.428,1,mouse,0.929439,208.78,38.55,410.14,146.98,2.519,25.584,3.211,20.298
455,22.470,2,keyboard,0.945834,0.00,165.17,636.74,479.33,2.533,25.543,2.996,20.646
455,22.470,1,mouse,0.929344,200.74,40.58,407.51,145.86,2.533,25.543,2.996,20.646
455,22.470,1,mouse,0.592875,600.77,0.00,639.92,51.24,2.533,25.543,2.996,20.646
456,22.533,2,keyboard,0.897702,0.00,151.89,640.00,479.29,2.532,25.586,3.436,20.189
456,22.533,1,mouse,0.862749,218.38,44.46,424.98,151.72,2.532,25.586,3.436,20.189
457,22.598,2,keyboard,0.938313,0.00,169.63,638.58,479.15,2.556,25.524,3.526,19.726
457,22.598,1,mouse,0.924123,170.39,46.54,411.72,153.92,2.556,25.524,3.526,19.726
457,22.598,1,mouse,0.524320,604.46,0.88,639.92,56.99,2.556,25.524,3.526,19.726
458,22.641,1,mouse,0.952570,199.76,47.45,407.92,156.07,2.772,25.535,3.184,20.012
458,22.641,2,keyboard,0.929688,0.00,173.99,637.11,479.80,2.772,25.535,3.184,20.012
458,22.641,1,mouse,0.607483,601.37,0.69,639.98,58.93,2.772,25.535,3.184,20.012
459,22.696,1,mouse,0.910331,194.27,45.11,410.54,152.62,2.506,25.496,3.215,19.826
459,22.696,2,keyboard,0.903660,0.00,68.89,636.71,478.93,2.506,25.496,3.215,19.826
460,22.739,1,mouse,0.922777,206.63,43.93,415.65,152.08,2.548,25.768,2.903,20.185
460,22.739,2,keyboard,0.832054,0.00,99.07,633.33,479.32,2.548,25.768,2.903,20.185
461,22.796,1,mouse,0.956961,206.38,40.17,411.57,148.80,2.516,25.538,3.032,19.916
461,22.796,2,keyboard,0.854823,0.00,30.97,634.67,479.01,2.516,25.538,3.032,19.916
462,22.837,1,mouse,0.934080,217.43,44.59,420.34,153.39,2.563,25.536,2.956,20.309
462,22.837,2,keyboard,0.842406,0.00,0.00,636.61,480.00,2.563,25.536,2.956,20.309
463,22.896,1,mouse,0.903296,222.43,54.97,423.78,161.47,2.522,25.543,3.127,19.996
463,22.896,2,keyboard,0.775296,0.00,20.03,635.97,478.41,2.522,25.543,3.127,19.996
464,22.937,2,keyboard,0.878392,0.00,23.81,640.00,479.59,2.535,25.745,2.955,20.376
464,22.937,1,mouse,0.844895,220.23,58.69,425.16,165.77,2.535,25.745,2.955,20.376
465,22.997,1,mouse,0.949449,229.80,63.31,433.19,167.09,2.678,25.604,3.282,20.046
465,22.997,2,keyboard,0.803236,0.00,34.55,629.35,478.69,2.678,25.604,3.282,20.046
466,23.039,1,mouse,0.891671,224.42,53.80,440.88,155.23,2.530,25.782,3.207,20.369
466,23.039,2,keyboard,0.817713,0.00,28.43,638.01,478.40,2.530,25.782,3.207,20.369
467,23.097,1,mouse,0.864920,223.38,52.00,457.24,159.10,2.693,25.543,3.063,20.098
467,23.097,2,keyboard,0.850143,0.00,59.18,638.73,477.73,2.693,25.543,3.063,20.098
468,23.140,1,mouse,0.877082,237.50,54.52,453.99,158.88,2.587,25.748,2.978,20.363
468,23.140,2,keyboard,0.768091,0.00,33.99,637.85,477.74,2.587,25.748,2.978,20.363
468,23.140,1,mouse,0.406402,0.00,135.37,22.74,191.59,2.587,25.748,2.978,20.363
468,23.140,2,keyboard,0.259887,390.66,0.00,634.77,86.42,2.587,25.748,2.978,20.363
469,23.195,1,mouse,0.959301,255.52,62.06,456.92,165.46,2.517,25.542,3.130,20.116
469,23.195,2,keyboard,0.734082,0.00,30.35,638.53,477.83,2.517,25.542,3.130,20.116
470,23.237,1,mouse,0.890340,252.71,57.30,454.33,160.71,2.545,25.760,3.016,20.526
470,23.237,2,keyboard,0.802041,0.00,40.05,639.51,477.69,2.545,25.760,3.016,20.526
470,23.237,1,mouse,0.310067,0.00,131.76,22.54,200.90,2.545,25.760,3.016,20.526
471,23.298,1,mouse,0.898795,257.32,56.89,465.79,158.67,2.739,25.569,3.305,20.155
471,23.298,2,keyboard,0.789788,0.00,32.86,637.06,477.92,2.739,25.569,3.305,20.155
471,23.298,1,mouse,0.425764,0.10,133.49,36.84,222.09,2.739,25.569,3.305,20.155
472,23.341,1,mouse,0.916679,250.90,52.12,463.14,155.17,2.521,25.723,2.991,20.430
472,23.341,2,keyboard,0.831045,0.00,4.73,635.76,479.48,2.521,25.723,2.991,20.430
472,23.341,1,mouse,0.473013,0.00,129.76,31.98,198.85,2.521,25.723,2.991,20.430
473,23.396,1,mouse,0.946486,255.42,57.92,458.40,159.56,2.536,25.598,3.140,20.180
473,23.396,2,keyboard,0.830090,0.00,25.54,637.87,477.88,2.536,25.598,3.140,20.180
473,23.396,1,mouse,0.518965,0.00,128.91,32.64,192.02,2.536,25.598,3.140,20.180
474,23.439,1,mouse,0.899794,249.01,60.54,449.84,162.49,2.529,25.730,3.214,20.500
474,23.439,2,keyboard,0.780768,0.00,34.73,637.09,477.98,2.529,25.730,3.214,20.500
474,23.439,1,mouse,0.470278,0.02,128.92,20.27,188.96,2.529,25.730,3.214,20.500
475,23.497,1,mouse,0.911667,233.85,62.44,440.04,164.44,2.642,25.503,3.151,20.199
475,23.497,2,keyboard,0.834091,0.00,23.09,636.40,478.07,2.642,25.503,3.151,20.199
476,23.538,1,mouse,0.884221,197.45,62.72,428.20,164.79,2.653,25.583,2.980,20.514
476,23.538,2,keyboard,0.807633,0.00,18.00,631.29,478.42,2.653,25.583,2.980,20.514
477,23.596,1,mouse,0.959818,233.26,69.24,430.28,171.41,2.509,25.522,3.046,20.222
477,23.596,2,keyboard,0.897969,0.00,88.23,634.62,477.73,2.509,25.522,3.046,20.222
478,23.638,1,mouse,0.932256,237.70,73.93,437.78,175.40,2.591,25.568,2.973,20.555
478,23.638,2,keyboard,0.800256,0.00,119.95,634.00,478.03,2.591,25.568,2.973,20.555
478,23.638,1,mouse,0.257306,376.94,0.66,615.36,112.26,2.591,25.568,2.973,20.555
479,23.698,1,mouse,0.962044,238.46,84.09,437.10,184.51,2.684,25.584,3.312,20.209
479,23.698,2,keyboard,0.887694,0.00,100.95,635.76,477.61,2.684,25.584,3.312,20.209
479,23.698,1,mouse,0.395008,0.06,148.91,18.87,206.28,2.684,25.584,3.312,20.209
479,23.698,1,mouse,0.324137,0.00,136.33,19.45,226.46,2.684,25.584,3.312,20.209
480,23.740,1,mouse,0.960073,238.29,81.53,432.32,182.66,2.484,25.544,3.035,20.486
480,23.740,2,keyboard,0.901922,0.00,47.72,633.71,478.02,2.484,25.544,3.035,20.486
481,23.796,1,mouse,0.965645,230.97,79.08,428.79,179.45,2.660,25.513,3.118,20.226
481,23.796,2,keyboard,0.887502,0.00,52.10,627.32,477.73,2.660,25.513,3.118,20.226
482,23.838,1,mouse,0.947625,226.32,75.18,423.64,175.00,2.580,25.594,3.179,20.565
482,23.838,2,keyboard,0.869330,0.00,31.50,630.33,477.78,2.580,25.594,3.179,20.565
483,23.896,1,mouse,0.941506,204.81,66.77,403.63,168.15,2.504,25.535,3.085,20.251
483,23.896,2,keyboard,0.869223,1.99,41.90,636.20,480.00,2.504,25.535,3.085,20.251
484,23.963,1,mouse,0.946082,204.05,64.83,398.13,167.71,2.600,45.557,6.259,19.738
484,23.963,2,keyboard,0.904007,0.00,102.70,638.55,478.04,2.600,45.557,6.259,19.738
485,24.010,2,keyboard,0.834508,0.00,30.98,639.02,478.73,4.476,23.777,7.279,19.852
485,24.010,1,mouse,0.765380,157.88,72.12,370.97,174.87,4.476,23.777,7.279,19.852
486,24.072,1,mouse,0.913355,108.90,68.68,342.41,171.10,2.309,32.582,3.527,19.493
486,24.072,2,keyboard,0.896105,0.00,89.10,640.00,480.00,2.309,32.582,3.527,19.493
487,24.140,1,mouse,0.967318,128.46,64.54,320.67,167.12,2.339,29.277,4.650,19.060
487,24.140,2,keyboard,0.929584,0.00,179.67,639.49,479.50,2.339,29.277,4.650,19.060
488,24.204,1,mouse,0.945713,112.24,72.90,313.27,175.47,2.391,28.537,5.764,18.705
488,24.204,2,keyboard,0.915778,0.00,193.23,640.00,479.73,2.391,28.537,5.764,18.705
489,24.253,1,mouse,0.961474,117.14,70.10,312.13,172.21,2.253,29.304,5.920,18.802
489,24.253,2,keyboard,0.947294,0.00,184.81,639.58,479.41,2.253,29.304,5.920,18.802
489,24.253,1,mouse,0.377053,497.44,0.37,640.00,102.89,2.253,29.304,5.920,18.802
490,24.293,1,mouse,0.956297,113.05,70.60,311.20,172.56,2.071,22.767,4.481,19.335
490,24.293,2,keyboard,0.929053,0.00,182.73,640.00,478.97,2.071,22.767,4.481,19.335
491,24.330,1,mouse,0.941887,112.25,61.52,310.39,164.96,2.116,21.288,2.907,20.130
491,24.330,2,keyboard,0.564112,0.00,10.03,632.31,480.00,2.116,21.288,2.907,20.130
492,24.394,1,mouse,0.955751,100.15,49.60,297.31,155.21,2.423,21.835,3.306,19.726
492,24.394,2,keyboard,0.916197,0.00,171.95,635.93,480.00,2.423,21.835,3.306,19.726
492,24.394,2,keyboard,0.378953,481.70,0.00,640.00,90.45,2.423,21.835,3.306,19.726
493,24.431,1,mouse,0.936100,99.95,47.69,297.06,150.76,2.328,21.182,2.999,20.365
493,24.431,2,keyboard,0.904675,0.00,171.48,633.83,477.56,2.328,21.182,2.999,20.365
494,24.493,1,mouse,0.946492,109.64,38.59,301.84,144.42,2.382,21.669,3.199,19.962
494,24.493,2,keyboard,0.919168,0.00,169.27,633.36,480.00,2.382,21.669,3.199,19.962
494,24.493,2,keyboard,0.613551,487.08,0.00,640.00,73.11,2.382,21.669,3.199,19.962
495,24.530,1,mouse,0.949930,108.72,36.37,306.39,141.08,2.335,21.101,2.958,20.590
495,24.530,2,keyboard,0.925512,2.02,159.10,636.97,480.00,2.335,21.101,2.958,20.590
496,24.594,1,mouse,0.928917,111.64,30.33,309.56,134.13,2.616,22.977,3.306,20.106
496,24.594,2,keyboard,0.918659,0.00,145.60,639.58,480.00,2.616,22.977,3.306,20.106
497,24.631,2,keyboard,0.920067,0.00,143.83,639.20,480.00,2.375,21.320,3.127,20.746
497,24.631,1,mouse,0.906974,104.00,28.59,317.16,131.67,2.375,21.320,3.127,20.746
498,24.698,1,mouse,0.961125,131.01,35.96,326.23,140.27,2.514,26.614,3.438,20.184
498,24.698,2,keyboard,0.778803,1.70,10.87,639.10,480.00,2.514,26.614,3.438,20.184
499,24.740,1,mouse,0.952834,139.97,42.95,333.09,147.07,2.561,25.537,2.988,20.516
499,24.740,2,keyboard,0.886524,0.00,63.41,640.00,480.00,2.561,25.537,2.988,20.516
500,24.796,1,mouse,0.926760,125.02,50.15,350.07,154.64,2.703,25.539,3.331,20.245
500,24.796,2,keyboard,0.862137,0.00,141.50,640.00,480.00,2.703,25.539,3.331,20.245
501,24.838,2,keyboard,0.935273,0.00,158.06,638.25,480.00,2.532,25.539,3.024,20.612
501,24.838,1,mouse,0.927391,169.89,53.55,359.78,158.25,2.532,25.539,3.024,20.612
501,24.838,1,mouse,0.386231,539.44,0.00,639.85,92.03,2.532,25.539,3.024,20.612
502,24.896,1,mouse,0.957276,181.78,59.12,371.06,160.58,2.626,25.579,3.260,20.268
502,24.896,2,keyboard,0.924002,0.00,98.08,640.00,480.00,2.626,25.579,3.260,20.268
503,24.940,1,mouse,0.938470,191.36,60.77,376.29,160.70,2.561,25.749,3.246,20.588
503,24.940,2,keyboard,0.911497,0.00,138.45,637.87,480.00,2.561,25.749,3.246,20.588
503,24.940,1,mouse,0.374570,555.90,0.00,640.00,94.27,2.561,25.749,3.246,20.588
504,24.997,1,mouse,0.943430,193.76,61.85,383.67,161.41,2.669,25.594,3.173,20.280
504,24.997,2,keyboard,0.896099,0.00,164.12,635.55,479.65,2.669,25.594,3.173,20.280
505,25.039,1,mouse,0.953267,197.18,60.36,386.19,160.23,2.570,25.554,2.976,20.599
505,25.039,2,keyboard,0.894320,0.00,120.68,636.85,480.00,2.570,25.554,2.976,20.599
505,25.039,1,mouse,0.343078,559.72,0.40,639.47,68.55,2.570,25.554,2.976,20.599
506,25.097,1,mouse,0.965087,203.71,61.05,388.74,159.82,2.536,25.575,3.140,20.284
506,25.097,2,keyboard,0.911102,0.00,155.46,636.62,478.20,2.536,25.575,3.140,20.284
506,25.097,1,mouse,0.377048,563.90,0.00,640.00,82.87,2.536,25.575,3.140,20.284
507,25.140,2,keyboard,0.934395,0.00,133.55,640.00,478.91,2.509,25.762,3.067,20.563
507,25.140,1,mouse,0.878590,197.60,56.39,391.63,155.59,2.509,25.762,3.067,20.563
507,25.140,1,mouse,0.666239,563.11,0.00,640.00,65.07,2.509,25.762,3.067,20.563
508,25.197,1,mouse,0.929754,203.06,58.64,393.98,157.83,2.615,25.511,3.139,20.269
508,25.197,2,keyboard,0.929127,0.00,132.49,639.30,477.69,2.615,25.511,3.139,20.269
508,25.197,1,mouse,0.803838,565.96,0.29,639.96,65.98,2.615,25.511,3.139,20.269
509,25.251,1,mouse,0.957339,209.25,57.36,393.95,159.02,2.420,36.449,4.509,20.059
509,25.251,2,keyboard,0.916404,0.00,19.50,638.54,480.00,2.420,36.449,4.509,20.059
509,25.251,1,mouse,0.697295,565.40,0.21,640.00,66.15,2.420,36.449,4.509,20.059
510,25.308,1,mouse,0.929539,209.11,59.77,395.45,158.86,2.549,31.991,3.424,19.847
510,25.308,2,keyboard,0.929431,0.00,77.54,640.00,476.26,2.549,31.991,3.424,19.847
510,25.308,1,mouse,0.887518,566.03,0.38,639.99,67.08,2.549,31.991,3.424,19.847
511,25.373,2,keyboard,0.960287,0.00,118.07,640.00,470.10,2.750,31.295,3.484,19.427
511,25.373,1,mouse,0.918570,217.79,61.50,402.76,159.81,2.750,31.295,3.484,19.427
511,25.373,1,mouse,0.438377,569.85,0.00,639.93,73.82,2.750,31.295,3.484,19.427
512,25.416,2,keyboard,0.956289,0.00,82.60,640.00,472.82,2.520,25.499,3.155,19.741
512,25.416,1,mouse,0.944794,224.36,54.92,404.11,152.90,2.520,25.499,3.155,19.741
512,25.416,1,mouse,0.519809,573.06,0.52,640.00,64.61,2.520,25.499,3.155,19.741
512,25.416,1,mouse,0.269358,0.03,119.83,15.76,220.50,2.520,25.499,3.155,19.741
513,25.464,1,mouse,0.967670,225.86,48.27,406.16,147.01,2.518,25.496,3.067,19.830
513,25.464,2,keyboard,0.955875,0.00,133.87,640.00,469.64,2.518,25.496,3.067,19.830
513,25.464,1,mouse,0.399964,0.00,135.14,23.50,197.56,2.518,25.496,3.067,19.830
514,25.506,1,mouse,0.973378,228.55,48.20,407.36,147.58,2.469,25.555,2.997,20.203
514,25.506,2,keyboard,0.944679,0.00,126.80,640.00,468.18,2.469,25.555,2.997,20.203
515,25.570,1,mouse,0.963470,232.25,51.03,408.98,148.30,2.426,31.245,3.481,19.746
515,25.570,2,keyboard,0.933088,0.00,135.72,640.00,463.87,2.426,31.245,3.481,19.746
516,25.618,1,mouse,0.959175,234.46,48.68,411.71,144.11,2.371,31.679,3.033,19.849
516,25.618,2,keyboard,0.908160,0.00,127.04,634.86,466.33,2.371,31.679,3.033,19.849
517,25.670,1,mouse,0.932154,240.36,47.19,421.63,141.77,2.396,31.403,3.262,19.801
517,25.670,2,keyboard,0.885839,0.00,113.01,637.38,460.58,2.396,31.403,3.262,19.801
517,25.670,1,mouse,0.300192,0.03,139.18,37.61,204.23,2.396,31.403,3.262,19.801
518,25.716,1,mouse,0.947884,241.84,44.61,421.38,136.94,2.529,27.411,3.133,20.037
518,25.716,2,keyboard,0.901451,0.00,136.67,633.12,454.49,2.529,27.411,3.133,20.037
519,25.764,1,mouse,0.960328,249.73,48.67,423.68,141.66,2.510,25.540,3.077,20.088
519,25.764,2,keyboard,0.923597,0.00,120.78,636.24,459.17,2.510,25.540,3.077,20.088
520,25.806,1,mouse,0.956027,247.60,49.80,422.50,144.57,2.547,25.545,2.971,20.434
520,25.806,2,keyboard,0.906335,0.00,120.55,636.41,461.43,2.547,25.545,2.971,20.434
521,25.865,1,mouse,0.946527,238.71,52.90,406.39,144.80,2.505,25.550,3.333,20.114
521,25.865,2,keyboard,0.874459,0.00,107.75,637.43,457.37,2.505,25.550,3.333,20.114
521,25.865,1,mouse,0.771861,571.48,0.83,640.00,65.19,2.505,25.550,3.333,20.114
522,25.907,1,mouse,0.949654,228.88,53.27,404.33,148.11,2.484,25.573,2.991,20.445
522,25.907,2,keyboard,0.909849,0.00,136.01,635.99,455.14,2.484,25.573,2.991,20.445
522,25.907,1,mouse,0.336928,567.77,0.47,640.00,67.73,2.484,25.573,2.991,20.445
523,25.964,1,mouse,0.960367,224.42,52.81,392.35,145.62,2.503,25.575,3.150,20.150
523,25.964,2,keyboard,0.886905,0.00,105.20,635.14,454.05,2.503,25.575,3.150,20.150
523,25.964,1,mouse,0.348261,0.25,138.81,18.03,189.04,2.503,25.575,3.150,20.150
524,26.007,1,mouse,0.965666,219.45,53.07,390.76,146.20,2.542,25.533,3.028,20.505
524,26.007,2,keyboard,0.900230,0.00,135.39,634.25,459.40,2.542,25.533,3.028,20.505
524,26.007,1,mouse,0.376338,0.06,134.04,17.07,190.14,2.542,25.533,3.028,20.505
525,26.065,1,mouse,0.963923,216.30,52.94,391.24,147.07,2.649,25.569,3.399,20.164
525,26.065,2,keyboard,0.888175,0.00,132.32,632.92,459.86,2.649,25.569,3.399,20.164
525,26.065,1,mouse,0.393428,0.03,136.42,19.84,190.78,2.649,25.569,3.399,20.164
525,26.065,1,mouse,0.262148,550.83,0.26,640.00,67.51,2.649,25.569,3.399,20.164
526,26.108,1,mouse,0.944100,220.67,56.82,390.84,148.58,2.485,25.578,3.123,20.504
526,26.108,2,keyboard,0.908471,0.00,138.59,638.11,456.67,2.485,25.578,3.123,20.504
526,26.108,1,mouse,0.250608,0.02,135.99,18.25,200.30,2.485,25.578,3.123,20.504
527,26.165,1,mouse,0.949017,216.17,62.93,389.85,154.63,2.607,25.596,3.072,20.199
527,26.165,2,keyboard,0.920571,0.00,83.58,640.00,458.31,2.607,25.596,3.072,20.199
527,26.165,1,mouse,0.335242,0.05,140.77,18.28,198.32,2.607,25.596,3.072,20.199
527,26.165,1,mouse,0.317883,548.85,0.00,640.00,96.15,2.607,25.596,3.072,20.199
528,26.207,1,mouse,0.962321,217.21,64.19,388.97,155.31,2.518,25.573,3.181,20.519
528,26.207,2,keyboard,0.897101,0.20,103.24,638.32,460.05,2.518,25.573,3.181,20.519
528,26.207,1,mouse,0.553757,0.08,149.12,20.33,204.78,2.518,25.573,3.181,20.519
529,26.265,1,mouse,0.948857,220.68,65.51,392.69,158.27,2.528,25.525,3.117,20.222
529,26.265,2,keyboard,0.911556,0.00,69.21,639.23,457.60,2.528,25.525,3.117,20.222
529,26.265,1,mouse,0.654629,0.18,151.43,25.12,235.06,2.528,25.525,3.117,20.222
529,26.265,1,mouse,0.293649,550.58,0.00,640.00,98.64,2.528,25.525,3.117,20.222
530,26.308,1,mouse,0.950248,223.25,68.76,391.13,159.94,2.469,25.556,2.971,20.523
530,26.308,2,keyboard,0.905116,0.00,68.64,640.00,454.99,2.469,25.556,2.971,20.523
530,26.308,1,mouse,0.588095,551.14,0.00,640.00,101.37,2.469,25.556,2.971,20.523
530,26.308,1,mouse,0.306793,0.12,151.80,30.75,251.80,2.469,25.556,2.971,20.523
531,26.364,1,mouse,0.957700,225.22,70.80,391.19,160.50,2.497,25.530,3.198,20.225
531,26.364,2,keyboard,0.898080,0.00,61.14,640.00,456.33,2.497,25.530,3.198,20.225
531,26.364,1,mouse,0.608351,551.66,0.00,640.00,100.19,2.497,25.530,3.198,20.225
531,26.364,1,mouse,0.341246,0.06,153.88,27.70,255.27,2.497,25.530,3.198,20.225
532,26.406,1,mouse,0.943145,225.17,70.24,393.54,161.65,2.489,25.775,2.950,20.563
532,26.406,2,keyboard,0.875912,0.00,64.85,637.55,456.37,2.489,25.775,2.950,20.563
533,26.465,1,mouse,0.949794,229.05,72.14,397.68,160.42,2.523,25.609,3.644,20.232
533,26.465,2,keyboard,0.865290,0.00,60.78,639.08,455.72,2.523,25.609,3.644,20.232
534,26.507,1,mouse,0.939028,231.37,71.95,399.03,161.00,2.509,25.589,3.107,20.568
534,26.507,2,keyboard,0.880735,0.00,92.20,638.41,449.92,2.509,25.589,3.107,20.568
534,26.507,1,mouse,0.525474,558.43,0.00,640.00,108.45,2.509,25.589,3.107,20.568
535,26.565,1,mouse,0.981461,244.40,71.37,407.46,159.59,2.789,25.580,3.145,20.251
535,26.565,2,keyboard,0.885819,0.00,70.25,633.66,453.40,2.789,25.580,3.145,20.251
535,26.565,1,mouse,0.683601,569.78,0.40,640.00,104.61,2.789,25.580,3.145,20.251
536,26.607,1,mouse,0.959102,248.80,72.51,416.37,159.89,2.572,25.589,3.094,20.566
536,26.607,2,keyboard,0.880083,0.00,94.45,637.60,447.93,2.572,25.589,3.094,20.566
536,26.607,1,mouse,0.685774,575.62,0.77,640.00,105.13,2.572,25.589,3.094,20.566
537,26.663,1,mouse,0.960253,259.09,74.68,424.19,161.29,2.495,25.542,3.129,20.275
537,26.663,2,keyboard,0.916840,0.00,84.36,636.88,454.10,2.495,25.542,3.129,20.275
538,26.705,1,mouse,0.931851,264.37,78.61,429.85,166.15,2.527,25.559,2.945,20.619
538,26.705,2,keyboard,0.847961,1.28,68.35,635.90,459.97,2.527,25.559,2.945,20.619
539,26.764,1,mouse,0.939653,265.79,79.65,431.25,164.99,2.510,25.532,3.173,20.282
539,26.764,2,keyboard,0.812081,1.76,65.57,636.05,457.06,2.510,25.532,3.173,20.282
540,26.806,1,mouse,0.932704,263.60,79.22,429.29,163.84,2.527,25.528,2.982,20.599
540,26.806,2,keyboard,0.884692,0.00,104.83,634.39,441.16,2.527,25.528,2.982,20.599
540,26.806,1,mouse,0.266474,587.49,0.00,640.00,106.32,2.527,25.528,2.982,20.599
541,26.865,1,mouse,0.929035,255.84,68.82,425.16,156.35,2.518,25.545,3.631,20.262
541,26.865,2,keyboard,0.885288,0.00,55.85,632.30,445.62,2.518,25.545,3.631,20.262
541,26.865,1,mouse,0.574297,583.81,0.00,640.00,95.12,2.518,25.545,3.631,20.262
542,26.908,1,mouse,0.950919,261.34,72.22,425.28,159.32,2.518,25.521,3.013,20.581
542,26.908,2,keyboard,0.866234,0.00,69.22,635.31,440.35,2.518,25.521,3.013,20.581
542,26.908,1,mouse,0.396132,583.25,0.00,640.00,99.63,2.518,25.521,3.013,20.581
542,26.908,1,mouse,0.359283,0.02,150.51,64.26,253.55,2.518,25.521,3.013,20.581
543,26.964,1,mouse,0.960120,259.04,71.11,423.90,158.18,2.599,25.498,3.083,20.282
543,26.964,2,keyboard,0.867793,0.00,106.91,637.67,444.20,2.599,25.498,3.083,20.282
543,26.964,1,mouse,0.538337,582.99,0.00,640.00,96.37,2.599,25.498,3.083,20.282
544,27.007,1,mouse,0.948729,262.48,72.31,425.72,159.46,2.501,25.587,3.153,20.600
544,27.007,2,keyboard,0.886799,0.00,64.63,635.69,437.34,2.501,25.587,3.153,20.600
544,27.007,1,mouse,0.264778,584.10,0.00,640.00,98.98,2.501,25.587,3.153,20.600
545,27.064,1,mouse,0.962577,261.65,67.89,428.25,155.68,2.482,25.524,3.232,20.283
545,27.064,2,keyboard,0.922391,0.00,80.72,637.11,442.52,2.482,25.524,3.232,20.283
545,27.064,1,mouse,0.512853,585.21,0.00,639.98,95.73,2.482,25.524,3.232,20.283
546,27.107,1,mouse,0.960576,262.61,69.27,427.78,156.04,2.480,25.760,2.976,20.602
546,27.107,2,keyboard,0.890979,0.00,113.99,638.96,446.67,2.480,25.760,2.976,20.602
546,27.107,1,mouse,0.525233,586.22,0.39,640.00,96.91,2.480,25.760,2.976,20.602
547,27.165,1,mouse,0.971782,257.36,62.57,423.29,150.75,2.518,25.581,3.131,20.284
547,27.165,2,keyboard,0.945338,0.00,49.51,639.06,467.18,2.518,25.581,3.131,20.284
547,27.165,2,keyboard,0.392696,0.00,140.33,619.38,442.39,2.518,25.581,3.131,20.284
548,27.208,1,mouse,0.978191,255.68,60.82,423.37,147.64,3.461,25.564,3.073,20.551
548,27.208,2,keyboard,0.945267,0.00,105.39,639.15,466.19,3.461,25.564,3.073,20.551
549,27.265,1,mouse,0.966368,258.27,57.49,423.46,145.61,2.530,25.567,3.359,20.262
549,27.265,2,keyboard,0.893796,0.00,68.16,637.53,469.62,2.530,25.567,3.359,20.262
549,27.265,1,mouse,0.490932,578.54,0.59,640.00,71.88,2.530,25.567,3.359,20.262
550,27.308,1,mouse,0.945640,257.08,55.53,423.12,144.65,2.479,25.732,3.036,20.561
550,27.308,2,keyboard,0.921007,0.00,114.59,639.77,471.25,2.479,25.732,3.036,20.561
550,27.308,1,mouse,0.510466,580.12,0.74,640.00,66.95,2.479,25.732,3.036,20.561
551,27.364,1,mouse,0.950832,263.85,52.30,428.20,142.03,2.682,25.596,3.137,20.259
551,27.364,2,keyboard,0.919942,0.00,116.15,639.11,472.02,2.682,25.596,3.137,20.259
552,27.406,1,mouse,0.953822,264.25,47.66,429.80,138.34,2.506,25.548,3.144,20.601
552,27.406,2,keyboard,0.903274,0.00,111.01,639.28,473.38,2.506,25.548,3.144,20.601
553,27.464,1,mouse,0.960205,271.12,43.41,431.27,129.12,2.522,25.520,3.162,20.283
553,27.464,2,keyboard,0.880235,0.00,92.36,635.67,476.18,2.522,25.520,3.162,20.283
554,27.506,1,mouse,0.941734,267.76,40.51,432.20,129.77,2.590,25.759,2.993,20.633
554,27.506,2,keyboard,0.830128,0.00,106.25,638.42,474.17,2.590,25.759,2.993,20.633
555,27.564,1,mouse,0.958196,272.33,39.34,432.81,128.09,2.509,25.571,3.288,20.290
555,27.564,2,keyboard,0.848248,0.00,109.77,634.84,473.80,2.509,25.571,3.288,20.290
556,27.606,1,mouse,0.983970,273.77,39.55,435.07,128.50,2.527,25.546,3.045,20.610
556,27.606,2,keyboard,0.698478,0.00,84.55,636.43,477.29,2.527,25.546,3.045,20.610
557,27.664,1,mouse,0.929652,228.68,37.25,436.33,125.51,2.530,25.527,3.468,20.288
557,27.664,2,keyboard,0.861662,0.00,109.38,638.24,474.38,2.530,25.527,3.468,20.288
558,27.707,1,mouse,0.956095,268.09,34.84,438.74,120.85,3.382,25.577,3.073,20.574
558,27.707,2,keyboard,0.784712,0.00,99.30,632.18,477.10,3.382,25.577,3.073,20.574
559,27.765,1,mouse,0.941244,230.08,28.71,438.79,115.86,2.533,25.730,3.047,20.279
559,27.765,2,keyboard,0.808189,0.00,101.75,639.39,475.46,2.533,25.730,3.047,20.279
560,27.808,1,mouse,0.946812,273.88,26.74,440.79,113.65,2.869,25.576,3.626,20.525
560,27.808,2,keyboard,0.694905,0.00,98.29,631.15,477.36,2.869,25.576,3.626,20.525
561,27.865,1,mouse,0.946916,280.47,21.57,444.88,111.29,2.735,25.892,3.169,20.238
561,27.865,2,keyboard,0.715789,0.00,91.16,638.38,474.56,2.735,25.892,3.169,20.238
562,27.907,1,mouse,0.859022,284.08,19.71,449.30,106.70,2.488,25.573,2.980,20.590
562,27.907,2,keyboard,0.766218,0.00,89.73,636.67,474.15,2.488,25.573,2.980,20.590
563,27.965,1,mouse,0.835887,274.97,20.96,450.86,109.09,2.734,25.573,3.105,20.267
563,27.965,2,keyboard,0.693160,0.00,91.81,635.37,475.22,2.734,25.573,3.105,20.267
564,28.007,1,mouse,0.926136,285.94,22.03,447.48,110.13,2.492,25.558,3.018,20.590
564,28.007,2,keyboard,0.606261,0.00,92.37,636.03,475.15,2.492,25.558,3.018,20.590
565,28.064,1,mouse,0.904401,284.19,24.43,451.87,112.61,2.503,25.530,3.499,20.279
565,28.064,2,keyboard,0.668440,0.00,99.75,634.83,477.44,2.503,25.530,3.499,20.279
566,28.106,1,mouse,0.945874,289.83,20.79,452.69,108.38,2.509,25.715,3.032,20.604
566,28.106,2,keyboard,0.852462,0.00,91.46,637.98,475.11,2.509,25.715,3.032,20.604
567,28.170,1,mouse,0.961348,295.93,21.43,458.89,108.69,2.736,25.606,3.198,20.161
567,28.170,2,keyboard,0.768653,0.00,88.90,637.73,474.20,2.736,25.606,3.198,20.161
568,28.235,1,mouse,0.972297,297.74,26.73,459.74,113.04,2.896,26.722,3.459,19.665
568,28.235,2,keyboard,0.577099,8.56,101.36,604.50,477.08,2.896,26.722,3.459,19.665
569,28.278,1,mouse,0.982614,298.19,28.47,459.50,113.08,2.660,25.532,2.955,20.005
569,28.278,2,keyboard,0.578158,0.00,99.25,640.00,474.93,2.660,25.532,2.955,20.005
570,28.332,1,mouse,0.969671,294.45,34.35,456.98,120.33,2.507,25.541,3.095,19.851
570,28.332,2,keyboard,0.454658,0.00,104.05,635.31,476.99,2.507,25.541,3.095,19.851
571,28.374,1,mouse,0.946609,294.05,39.10,456.28,123.56,2.549,25.720,2.935,20.245
571,28.374,2,keyboard,0.631257,3.02,109.17,497.83,476.86,2.549,25.720,2.935,20.245
572,28.432,1,mouse,0.953486,296.65,39.09,458.02,125.51,2.586,25.646,3.338,19.933
572,28.432,2,keyboard,0.620000,3.35,108.75,514.38,476.90,2.586,25.646,3.338,19.933
573,28.473,1,mouse,0.952417,297.97,44.32,458.43,128.18,2.519,25.543,2.890,20.364
573,28.473,2,keyboard,0.375497,4.20,110.38,519.57,476.75,2.519,25.543,2.890,20.364
574,28.533,1,mouse,0.945281,298.71,44.67,460.66,129.66,2.753,25.526,3.353,20.020
574,28.533,2,keyboard,0.500486,3.94,111.43,492.56,476.56,2.753,25.526,3.353,20.020
575,28.577,1,mouse,0.937738,299.75,51.49,458.88,138.65,2.521,25.537,4.665,20.310
575,28.577,2,keyboard,0.421065,7.28,118.09,512.52,477.12,2.521,25.537,4.665,20.310
576,28.631,1,mouse,0.943369,306.59,59.27,467.90,144.68,2.530,25.537,3.121,20.075
576,28.631,2,keyboard,0.347504,5.31,123.50,501.18,477.22,2.530,25.537,3.121,20.075
577,28.674,1,mouse,0.985577,310.52,67.14,468.53,150.78,2.620,25.548,4.029,20.410
577,28.674,2,keyboard,0.601811,6.45,136.49,461.36,477.64,2.620,25.548,4.029,20.410
578,28.732,1,mouse,0.989224,310.13,66.29,468.25,149.19,2.705,25.524,2.984,20.109
578,28.732,2,keyboard,0.315338,10.26,135.93,462.71,475.85,2.705,25.524,2.984,20.109
579,28.773,1,mouse,0.980954,309.93,70.33,468.00,152.68,2.527,25.530,2.971,20.507
579,28.773,2,keyboard,0.639292,5.77,137.65,432.14,476.72,2.527,25.530,2.971,20.507
580,28.832,1,mouse,0.969876,302.49,65.75,467.98,149.04,2.509,25.541,3.288,20.174
581,28.873,1,mouse,0.980227,311.82,63.21,470.44,146.46,2.566,25.557,2.958,20.542
582,28.931,1,mouse,0.965709,314.89,61.97,474.28,146.34,2.578,25.541,3.117,20.210
583,28.973,1,mouse,0.963639,319.03,62.25,477.80,146.07,2.608,25.549,3.232,20.593
584,29.032,1,mouse,0.976837,322.27,61.22,484.68,145.44,2.488,25.539,3.186,20.242
584,29.032,2,keyboard,0.339263,15.70,130.14,433.91,477.28,2.488,25.539,3.186,20.242
585,29.074,1,mouse,0.980763,324.84,61.36,488.68,145.53,2.649,25.768,2.848,20.594
585,29.074,2,keyboard,0.464212,23.27,128.42,425.27,477.15,2.649,25.768,2.848,20.594
586,29.131,1,mouse,0.982899,330.11,60.69,492.09,144.46,2.524,25.562,3.076,20.263
586,29.131,2,keyboard,0.703253,33.88,129.78,423.64,477.53,2.524,25.562,3.076,20.263
587,29.175,1,mouse,0.935850,335.20,57.11,497.49,142.91,2.555,25.533,5.203,20.505
587,29.175,2,keyboard,0.589926,38.19,126.29,433.18,477.68,2.555,25.533,5.203,20.505
587,29.175,2,keyboard,0.334451,0.00,50.08,139.56,439.98,2.555,25.533,5.203,20.505
588,29.232,1,mouse,0.942088,343.26,58.08,503.77,142.72,2.566,25.542,3.211,20.232
588,29.232,2,keyboard,0.594373,42.28,127.23,429.14,477.77,2.566,25.542,3.211,20.232
589,29.275,1,mouse,0.949977,346.10,59.69,506.69,143.89,2.492,25.545,2.993,20.574
589,29.275,2,keyboard,0.509438,39.74,130.31,424.21,477.62,2.492,25.545,2.993,20.574
590,29.332,1,mouse,0.949966,347.37,60.91,506.71,145.55,2.583,25.515,3.133,20.255
590,29.332,2,keyboard,0.585424,41.60,133.81,407.02,477.00,2.583,25.515,3.133,20.255
591,29.374,1,mouse,0.962456,348.06,61.27,509.42,145.93,2.602,25.563,3.213,20.600
591,29.374,2,keyboard,0.835847,21.63,138.44,388.19,477.55,2.602,25.563,3.213,20.600
592,29.433,1,mouse,0.944439,351.41,58.85,513.19,141.81,2.701,25.584,3.369,20.249
592,29.433,2,keyboard,0.882757,18.11,138.84,379.13,477.76,2.701,25.584,3.369,20.249
592,29.433,1,mouse,0.275302,569.16,366.08,640.00,479.03,2.701,25.584,3.369,20.249
593,29.475,1,mouse,0.929849,351.30,57.72,513.45,140.85,2.543,25.776,2.947,20.562
593,29.475,2,keyboard,0.899417,16.14,138.80,378.92,477.80,2.543,25.776,2.947,20.562
594,29.532,1,mouse,0.932769,356.27,54.79,520.78,139.83,2.502,25.562,3.192,20.275
594,29.532,2,keyboard,0.921374,20.93,135.12,383.35,478.19,2.502,25.562,3.192,20.275
595,29.574,1,mouse,0.939319,361.10,53.10,522.31,138.04,2.532,25.774,3.048,20.628
595,29.574,2,keyboard,0.903954,16.12,133.32,380.97,478.14,2.532,25.774,3.048,20.628
596,29.632,1,mouse,0.944990,357.56,50.29,523.62,135.59,2.686,25.609,3.265,20.276
596,29.632,2,keyboard,0.900869,14.87,130.42,383.24,477.93,2.686,25.609,3.265,20.276
597,29.675,1,mouse,0.958405,368.47,49.01,526.42,133.03,2.526,25.574,3.265,20.582
597,29.675,2,keyboard,0.913894,34.07,127.92,388.73,477.78,2.526,25.574,3.265,20.582
598,29.732,1,mouse,0.957738,371.15,48.97,532.41,134.17,2.505,25.521,3.112,20.284
598,29.732,2,keyboard,0.891929,38.23,129.27,402.99,476.81,2.505,25.521,3.112,20.284
599,29.774,1,mouse,0.926943,375.04,49.45,538.07,135.00,2.510,25.758,3.325,20.593
599,29.774,2,keyboard,0.880982,34.55,129.65,404.33,478.91,2.510,25.758,3.325,20.593
600,29.832,1,mouse,0.923849,381.27,49.95,545.94,133.87,2.726,25.757,3.171,20.268
600,29.832,2,keyboard,0.912460,49.18,126.96,410.54,477.70,2.726,25.757,3.171,20.268
601,29.875,1,mouse,0.946816,384.78,49.37,548.76,133.71,2.801,25.585,3.054,20.606
601,29.875,2,keyboard,0.911764,47.85,126.41,412.41,477.67,2.801,25.585,3.054,20.606
602,29.933,2,keyboard,0.932231,46.15,127.02,413.91,477.85,2.509,25.560,3.123,20.287
602,29.933,1,mouse,0.893118,388.69,50.18,551.73,137.12,2.509,25.560,3.123,20.287
602,29.933,1,mouse,0.741557,552.44,257.98,639.81,472.27,2.509,25.560,3.123,20.287
602,29.933,1,mouse,0.372555,500.09,256.11,639.82,472.66,2.509,25.560,3.123,20.287
603,29.976,2,keyboard,0.934854,44.31,131.44,413.77,477.93,2.507,25.729,2.962,20.589
603,29.976,1,mouse,0.930920,387.40,53.50,551.60,138.77,2.507,25.729,2.962,20.589
603,29.976,1,mouse,0.811025,465.92,211.98,639.97,473.56,2.507,25.729,2.962,20.589
603,29.976,0,bottle,0.255027,498.79,0.00,640.00,101.67,2.507,25.729,2.962,20.589
604,30.032,1,mouse,0.946490,394.39,54.59,555.46,140.09,2.513,25.638,3.245,20.282
604,30.032,2,keyboard,0.926995,46.60,131.33,413.68,477.90,2.513,25.638,3.245,20.282
604,30.032,1,mouse,0.655494,483.50,164.58,639.84,457.98,2.513,25.638,3.245,20.282
605,30.074,2,keyboard,0.927709,47.10,133.44,416.45,477.94,2.512,25.555,2.995,20.633
605,30.074,1,mouse,0.899509,395.61,57.17,557.35,139.85,2.512,25.555,2.995,20.633
605,30.074,1,mouse,0.610195,478.68,135.45,639.83,382.18,2.512,25.555,2.995,20.633
605,30.074,1,mouse,0.267995,0.00,58.09,28.10,182.79,2.512,25.555,2.995,20.633
606,30.132,2,keyboard,0.935981,60.65,133.56,424.69,479.10,2.516,25.629,3.186,20.295
606,30.132,1,mouse,0.904895,404.59,59.15,563.74,138.62,2.516,25.629,3.186,20.295
606,30.132,1,mouse,0.474598,0.00,67.97,38.17,189.30,2.516,25.629,3.186,20.295
607,30.175,2,keyboard,0.938324,66.61,134.94,433.21,478.32,2.511,26.125,4.096,20.556
607,30.175,1,mouse,0.854748,409.43,61.37,568.84,143.69,2.511,26.125,4.096,20.556
608,30.232,2,keyboard,0.909355,74.72,135.63,444.50,477.04,2.513,25.573,3.171,20.283
608,30.232,1,mouse,0.889341,417.76,62.02,579.02,145.72,2.513,25.573,3.171,20.283
609,30.274,2,keyboard,0.893644,79.90,138.49,443.67,476.84,2.625,25.599,3.008,20.624
609,30.274,1,mouse,0.624775,437.93,64.30,583.32,145.31,2.625,25.599,3.008,20.624
610,30.331,2,keyboard,0.910544,71.62,129.75,445.78,477.86,2.498,25.541,3.029,20.300
610,30.331,1,mouse,0.317271,426.77,139.13,640.00,403.78,2.498,25.541,3.029,20.300
611,30.373,2,keyboard,0.923789,72.04,125.66,445.39,477.77,2.566,25.730,2.875,20.668
611,30.373,1,mouse,0.291746,443.55,56.06,588.19,138.49,2.566,25.730,2.875,20.668
611,30.373,1,mouse,0.270097,0.54,64.67,58.92,162.40,2.566,25.730,2.875,20.668
612,30.431,2,keyboard,0.926883,70.98,119.13,452.75,477.71,2.526,25.581,3.167,20.314
613,30.473,2,keyboard,0.936099,73.48,118.11,450.72,477.68,2.569,25.594,3.003,20.691
613,30.473,1,mouse,0.815761,440.09,47.78,594.22,132.37,2.569,25.594,3.003,20.691
614,30.532,2,keyboard,0.911060,80.60,122.65,458.67,477.71,2.551,25.539,3.173,20.326
614,30.532,1,mouse,0.760911,438.94,48.83,595.74,132.34,2.551,25.539,3.173,20.326
615,30.573,2,keyboard,0.921623,85.65,122.50,464.39,478.55,2.556,25.575,3.407,20.682
616,30.631,2,keyboard,0.879793,96.32,125.71,474.67,477.69,2.504,25.565,3.159,20.342
617,30.674,2,keyboard,0.915289,97.21,127.17,477.84,477.83,2.632,25.555,4.053,20.669
617,30.674,1,mouse,0.377933,449.08,53.29,601.92,135.52,2.632,25.555,4.053,20.669
618,30.731,2,keyboard,0.940813,101.24,125.92,485.22,479.04,2.508,25.540,3.130,20.338
619,30.772,2,keyboard,0.886431,106.12,124.66,495.97,478.86,2.531,25.511,3.033,20.715
620,30.832,2,keyboard,0.872245,102.71,122.72,498.12,478.29,2.800,25.577,3.291,20.325
620,30.832,1,mouse,0.391026,468.75,44.12,602.51,112.27,2.800,25.577,3.291,20.325
621,30.874,2,keyboard,0.893748,107.84,123.81,512.88,478.34,2.539,25.540,3.087,20.680
621,30.874,1,mouse,0.294157,473.01,42.05,601.89,106.43,2.539,25.540,3.087,20.680
622,30.933,2,keyboard,0.911699,115.29,117.01,491.59,477.34,2.609,25.573,3.216,20.346
622,30.933,1,mouse,0.323617,468.95,36.16,596.10,96.33,2.609,25.573,3.216,20.346
623,30.974,2,keyboard,0.912738,117.63,118.65,496.71,477.50,2.528,25.527,3.181,20.658
624,31.036,2,keyboard,0.891398,125.51,120.36,512.64,477.84,2.797,25.531,3.111,20.216
625,31.102,2,keyboard,0.845482,129.62,118.66,529.13,477.51,2.818,25.811,3.345,19.745
625,31.102,1,mouse,0.492554,425.21,26.56,618.10,113.39,2.818,25.811,3.345,19.745
626,31.144,2,keyboard,0.790451,129.00,115.82,533.61,477.39,2.592,25.529,3.045,20.098
626,31.144,1,mouse,0.696160,423.31,22.56,577.94,114.95,2.592,25.529,3.045,20.098
627,31.200,1,mouse,0.906868,421.65,11.34,578.51,101.03,2.501,25.461,3.157,19.872
627,31.200,2,keyboard,0.675464,124.45,110.29,538.91,477.53,2.501,25.461,3.157,19.872
628,31.243,1,mouse,0.921518,417.85,8.06,575.12,94.62,2.539,25.549,2.988,20.232
628,31.243,2,keyboard,0.798152,124.84,110.15,542.23,477.65,2.539,25.549,2.988,20.232
628,31.243,1,mouse,0.357556,0.12,24.69,41.48,151.50,2.539,25.549,2.988,20.232
629,31.300,1,mouse,0.953957,415.29,2.66,576.75,89.95,2.512,25.623,3.457,19.939
629,31.300,2,keyboard,0.516149,126.91,93.30,554.64,477.61,2.512,25.623,3.457,19.939
630,31.343,1,mouse,0.967878,417.91,2.91,577.27,89.83,2.487,25.564,3.069,20.322
630,31.343,2,keyboard,0.693975,135.68,107.68,566.00,477.89,2.487,25.564,3.069,20.322
631,31.401,1,mouse,0.906641,403.27,1.45,585.29,86.29,2.736,25.568,3.083,20.019
631,31.401,2,keyboard,0.754332,137.25,105.31,598.66,477.09,2.736,25.568,3.083,20.019
632,31.443,1,mouse,0.967688,428.48,0.05,586.18,85.53,2.539,25.538,3.166,20.369
632,31.443,2,keyboard,0.673921,138.81,105.61,597.28,476.46,2.539,25.538,3.166,20.369
633,31.500,1,mouse,0.962816,429.27,0.00,587.05,84.50,2.519,25.525,3.092,20.082
633,31.500,2,keyboard,0.514794,144.72,101.59,617.53,475.93,2.519,25.525,3.092,20.082
634,31.542,1,mouse,0.864528,420.91,0.00,586.06,82.72,2.516,25.913,2.959,20.422
634,31.542,2,keyboard,0.393848,138.11,94.00,628.40,476.07,2.516,25.913,2.959,20.422
635,31.600,2,keyboard,0.718105,3.34,68.66,623.38,480.00,2.524,25.585,3.150,20.123
636,31.642,2,keyboard,0.390994,143.77,83.17,587.91,476.06,2.525,25.560,2.932,20.511
637,31.700,2,keyboard,0.557300,137.75,80.85,601.25,476.47,2.525,25.467,3.244,20.178
638,31.741,2,keyboard,0.563698,144.77,81.95,608.97,475.75,2.550,25.542,3.012,20.560
639,31.801,2,keyboard,0.531364,143.33,80.35,621.15,475.66,2.747,25.586,3.076,20.201
639,31.801,1,mouse,0.355924,584.40,65.54,640.00,183.52,2.747,25.586,3.076,20.201
640,31.843,2,keyboard,0.571456,147.08,82.96,612.62,475.36,2.543,25.559,3.124,20.527
641,31.900,2,keyboard,0.477868,140.70,80.61,627.21,475.44,2.519,25.519,3.161,20.233
642,31.942,2,keyboard,0.426608,141.06,78.18,626.54,475.09,2.665,25.560,2.974,20.578
643,32.000,2,keyboard,0.414645,144.33,78.66,640.00,475.85,2.567,25.619,3.195,20.248
644,32.042,2,keyboard,0.470956,144.33,80.02,601.39,475.53,2.567,25.763,3.129,20.561
645,32.099,2,keyboard,0.613661,148.43,79.22,621.05,475.94,2.498,25.547,3.151,20.257
646,32.141,1,mouse,0.648434,411.96,0.00,577.80,87.27,2.557,25.560,3.006,20.630
646,32.141,2,keyboard,0.607770,148.11,81.08,600.03,476.60,2.557,25.560,3.006,20.630
647,32.200,1,mouse,0.956199,404.78,12.07,565.95,102.10,2.522,25.455,3.344,20.271
647,32.200,2,keyboard,0.523129,145.57,90.71,601.46,476.86,2.522,25.455,3.344,20.271
648,32.242,1,mouse,0.817004,402.42,19.88,567.46,106.14,2.583,25.566,3.252,20.614
648,32.242,2,keyboard,0.722472,146.27,107.92,598.05,477.64,2.583,25.566,3.252,20.614
649,32.300,1,mouse,0.927361,402.39,28.92,560.51,113.40,2.515,25.557,3.211,20.285
649,32.300,2,keyboard,0.743579,112.06,106.13,621.89,476.95,2.515,25.557,3.211,20.285
650,32.341,1,mouse,0.948464,398.61,32.92,560.81,118.54,2.568,25.580,2.950,20.660
650,32.341,2,keyboard,0.755026,155.03,115.51,609.82,477.69,2.568,25.580,2.950,20.660
651,32.401,1,mouse,0.906588,394.60,47.19,555.41,135.77,2.658,25.595,3.158,20.295
651,32.401,2,keyboard,0.654107,157.01,118.40,581.20,477.38,2.658,25.595,3.158,20.295
652,32.442,1,mouse,0.941016,397.57,51.81,558.83,138.48,2.508,25.578,3.155,20.627
652,32.442,2,keyboard,0.405095,155.77,125.12,586.24,477.40,2.508,25.578,3.155,20.627
653,32.500,1,mouse,0.975935,402.39,64.67,561.83,150.00,2.516,25.520,3.118,20.316
653,32.500,2,keyboard,0.635440,166.74,136.89,596.53,477.52,2.516,25.520,3.118,20.316
654,32.541,1,mouse,0.933947,379.00,68.38,563.79,152.85,2.579,25.578,2.987,20.685
654,32.541,2,keyboard,0.701716,167.25,142.09,591.17,477.45,2.579,25.578,2.987,20.685
655,32.600,1,mouse,0.973695,406.41,69.19,564.98,155.06,2.576,25.586,3.114,20.329
655,32.600,2,keyboard,0.529911,161.68,144.62,594.98,477.74,2.576,25.586,3.114,20.329
656,32.641,1,mouse,0.977710,405.57,67.45,564.95,150.26,2.543,25.767,3.109,20.658
656,32.641,2,keyboard,0.608538,168.65,134.78,616.45,477.66,2.543,25.767,3.109,20.658
657,32.701,1,mouse,0.971616,408.36,62.02,572.91,145.54,2.489,25.522,3.094,20.327
657,32.701,2,keyboard,0.693965,180.83,141.02,603.89,477.33,2.489,25.522,3.094,20.327
658,32.742,1,mouse,0.954585,409.88,59.06,575.42,143.36,2.566,25.563,2.992,20.639
658,32.742,2,keyboard,0.625326,168.96,129.04,605.44,477.72,2.566,25.563,2.992,20.639
659,32.800,1,mouse,0.932348,409.68,49.39,575.10,137.08,2.555,25.542,3.275,20.308
659,32.800,2,keyboard,0.727081,166.13,119.54,601.12,477.62,2.555,25.542,3.275,20.308
660,32.841,1,mouse,0.959318,407.25,45.58,573.67,130.61,2.601,25.799,3.051,20.673
660,32.841,2,keyboard,0.775104,164.89,114.11,608.16,477.57,2.601,25.799,3.051,20.673
661,32.900,1,mouse,0.941785,410.49,31.02,577.04,116.40,2.502,25.541,3.124,20.332
661,32.900,2,keyboard,0.738460,157.01,101.64,606.31,477.47,2.502,25.541,3.124,20.332
662,32.942,2,keyboard,0.856348,67.33,83.71,625.10,474.23,2.534,25.569,2.993,20.653
662,32.942,1,mouse,0.797813,408.71,22.22,577.51,106.85,2.534,25.569,2.993,20.653
662,32.942,1,mouse,0.642485,0.00,20.34,215.20,476.62,2.534,25.569,2.993,20.653
663,33.001,1,mouse,0.922887,403.52,4.53,577.72,89.36,2.733,25.559,3.286,20.309
663,33.001,2,keyboard,0.746485,144.86,80.28,626.86,476.03,2.733,25.559,3.286,20.309
664,33.043,1,mouse,0.863393,407.53,0.00,576.90,80.25,2.518,25.556,3.207,20.629
664,33.043,2,keyboard,0.591551,126.74,66.15,633.70,480.00,2.518,25.556,3.207,20.629
665,33.099,2,keyboard,0.760605,139.21,56.64,632.06,477.15,2.518,25.538,3.131,20.331
666,33.141,2,keyboard,0.582288,164.83,49.32,640.00,472.17,2.586,25.544,2.943,20.734
667,33.200,2,keyboard,0.554125,159.88,43.57,620.27,474.86,2.744,25.583,3.286,20.339
668,33.242,2,keyboard,0.644333,158.32,38.13,617.99,473.17,2.615,25.766,3.233,20.694
669,33.300,2,keyboard,0.685758,175.15,32.76,611.96,469.15,2.530,25.577,3.151,20.358
670,33.341,2,keyboard,0.532491,147.03,32.24,624.88,478.60,2.589,25.782,2.906,20.722
671,33.400,2,keyboard,0.803048,8.09,29.72,633.39,465.77,2.619,25.624,3.408,20.348
672,33.442,2,keyboard,0.709163,149.02,10.47,607.38,473.79,2.565,25.559,3.174,20.699
673,33.500,2,keyboard,0.525714,172.12,15.99,600.49,463.41,2.518,25.518,3.102,20.372
674,33.542,2,keyboard,0.721752,153.90,0.00,604.46,474.43,2.564,25.732,2.948,20.721
675,33.600,2,keyboard,0.440125,173.86,14.74,617.63,469.31,2.589,25.598,3.068,20.356
676,33.642,2,keyboard,0.674838,174.87,13.63,604.07,470.33,2.537,25.824,3.096,20.679
676,33.642,1,mouse,0.370956,587.93,5.97,639.97,104.82,2.537,25.824,3.096,20.679
677,33.700,2,keyboard,0.871862,186.64,15.58,613.19,470.26,2.505,25.549,3.097,20.356
677,33.700,1,mouse,0.413317,593.62,21.32,639.97,105.44,2.505,25.549,3.097,20.356
678,33.741,2,keyboard,0.468817,140.09,13.87,628.53,471.07,2.538,25.504,2.945,20.722
679,33.806,2,keyboard,0.716016,182.76,15.51,632.37,466.66,2.767,25.903,3.309,20.230
679,33.806,1,mouse,0.307330,600.82,27.09,639.98,102.48,2.767,25.903,3.309,20.230
680,33.870,2,keyboard,0.667266,183.78,13.11,619.59,462.27,3.025,25.935,3.341,19.754
681,33.912,2,keyboard,0.722076,184.95,14.45,626.54,464.62,2.615,25.733,2.981,20.095
682,33.968,2,keyboard,0.674133,156.60,0.00,619.94,475.15,2.507,25.528,3.088,19.903
683,34.009,2,keyboard,0.608372,160.48,4.37,609.12,475.18,2.592,25.571,2.947,20.308
684,34.068,2,keyboard,0.662318,148.96,0.33,618.31,476.28,2.720,25.567,3.261,19.973
685,34.109,2,keyboard,0.558978,144.44,12.82,602.30,476.53,2.534,25.545,3.035,20.352
686,34.167,2,keyboard,0.641717,155.53,25.98,621.83,471.80,2.578,25.511,3.100,20.065
687,34.208,2,keyboard,0.676390,116.57,40.16,635.67,478.32,2.566,25.516,2.980,20.479
688,34.269,1,mouse,0.876321,362.90,5.62,528.48,80.36,2.789,25.539,3.260,20.100
688,34.269,2,keyboard,0.705416,53.05,50.88,636.07,471.22,2.789,25.539,3.260,20.100
688,34.269,1,mouse,0.354746,0.00,15.52,176.48,471.51,2.789,25.539,3.260,20.100
689,34.311,2,keyboard,0.701784,140.99,73.86,622.11,479.86,2.522,25.767,2.989,20.444
689,34.311,1,mouse,0.613544,0.00,16.26,180.19,331.33,2.522,25.767,2.989,20.444
690,34.368,1,mouse,0.948042,368.03,35.94,531.57,111.27,2.562,25.580,3.076,20.165
690,34.368,2,keyboard,0.707833,146.42,81.92,629.20,475.19,2.562,25.580,3.076,20.165
691,34.410,1,mouse,0.958136,368.87,45.97,531.34,119.85,2.548,25.754,3.004,20.523
691,34.410,2,keyboard,0.564618,149.60,96.37,632.79,474.52,2.548,25.754,3.004,20.523
692,34.468,1,mouse,0.865451,366.82,50.05,527.56,122.74,2.682,25.589,3.149,20.186
692,34.468,2,keyboard,0.785642,14.71,87.38,634.65,474.84,2.682,25.589,3.149,20.186
692,34.468,1,mouse,0.258694,0.00,35.96,176.98,471.83,2.682,25.589,3.149,20.186
693,34.510,1,mouse,0.946035,369.28,38.46,532.30,114.94,2.554,25.565,2.991,20.539
693,34.510,2,keyboard,0.563964,126.98,82.81,636.67,477.18,2.554,25.565,2.991,20.539
694,34.568,1,mouse,0.955320,369.44,41.77,533.82,115.81,2.621,25.567,3.191,20.217
694,34.568,2,keyboard,0.561792,94.77,30.70,637.98,476.60,2.621,25.567,3.191,20.217
695,34.610,1,mouse,0.968354,369.19,38.03,530.14,114.62,2.543,25.538,3.070,20.565
695,34.610,2,keyboard,0.769755,73.24,39.49,635.74,475.03,2.543,25.538,3.070,20.565
696,34.669,1,mouse,0.852759,369.03,60.69,531.83,135.01,2.656,25.514,3.178,20.244
696,34.669,2,keyboard,0.443978,159.23,110.89,627.41,473.28,2.656,25.514,3.178,20.244
697,34.711,1,mouse,0.918799,365.07,61.67,528.32,138.52,2.589,25.561,2.974,20.537
697,34.711,2,keyboard,0.333966,146.41,105.90,634.14,473.78,2.589,25.561,2.974,20.537
698,34.768,1,mouse,0.954589,358.51,77.27,521.90,151.67,2.530,25.569,3.193,20.254
699,34.809,1,mouse,0.907632,362.63,76.70,523.77,150.02,2.564,25.555,3.021,20.635
700,34.869,1,mouse,0.906588,355.08,84.84,519.79,160.41,2.727,25.518,3.161,20.267
700,34.869,2,keyboard,0.378663,164.61,82.98,628.36,475.14,2.727,25.518,3.161,20.267
701,34.910,1,mouse,0.903949,354.10,87.87,522.07,164.29,2.531,25.788,2.941,20.608
702,34.968,1,mouse,0.835834,354.33,86.94,518.68,163.46,2.516,25.581,3.166,20.285
702,34.968,2,keyboard,0.275699,159.42,131.23,624.43,475.11,2.516,25.581,3.166,20.285
703,35.009,1,mouse,0.854840,353.11,87.82,518.27,165.16,2.539,25.548,2.990,20.645
703,35.009,2,keyboard,0.638131,34.00,40.74,640.00,475.34,2.539,25.548,2.990,20.645
704,35.069,1,mouse,0.881242,353.17,90.75,518.07,165.84,2.742,25.519,3.332,20.284
704,35.069,2,keyboard,0.346161,151.15,137.73,622.99,475.55,2.742,25.519,3.332,20.284
705,35.111,1,mouse,0.896701,353.42,89.75,518.33,165.70,2.529,25.772,2.961,20.586
705,35.111,2,keyboard,0.333264,150.15,131.20,624.28,474.96,2.529,25.772,2.961,20.586
706,35.168,1,mouse,0.891250,354.81,92.88,517.63,169.20,2.504,25.589,3.095,20.303
706,35.168,2,keyboard,0.334552,159.69,141.90,624.43,474.62,2.504,25.589,3.095,20.303
707,35.209,1,mouse,0.924595,354.65,94.08,517.78,169.53,2.490,25.545,2.945,20.635
708,35.267,1,mouse,0.908535,356.86,95.90,518.04,171.07,2.640,25.553,3.172,20.303
709,35.310,1,mouse,0.951884,353.13,97.15,517.04,174.11,2.595,25.755,2.968,20.681
710,35.368,1,mouse,0.893460,356.70,92.97,519.05,168.51,2.727,25.614,3.186,20.309
710,35.368,2,keyboard,0.299723,171.46,139.31,609.30,477.36,2.727,25.614,3.186,20.309
711,35.410,1,mouse,0.804700,354.88,91.39,519.30,167.32,2.552,25.544,2.971,20.668
711,35.410,2,keyboard,0.534797,165.35,140.37,608.50,477.44,2.552,25.544,2.971,20.668
712,35.467,1,mouse,0.840266,354.07,90.50,519.15,168.43,2.508,25.558,3.153,20.336
712,35.467,2,keyboard,0.596895,176.88,141.18,620.67,477.51,2.508,25.558,3.153,20.336
713,35.510,1,mouse,0.878980,358.26,92.03,519.33,172.17,2.549,25.817,2.969,20.700
713,35.510,2,keyboard,0.699292,202.59,145.19,626.48,477.15,2.549,25.817,2.969,20.700
714,35.569,1,mouse,0.929252,354.23,89.87,518.20,171.12,2.719,25.611,3.408,20.320
714,35.569,2,keyboard,0.837764,206.00,145.89,640.00,477.44,2.719,25.611,3.408,20.320
715,35.610,1,mouse,0.962992,355.49,89.96,520.32,170.66,2.547,25.532,3.057,20.655
715,35.610,2,keyboard,0.677998,207.50,143.79,638.80,477.40,2.547,25.532,3.057,20.655
716,35.667,1,mouse,0.944240,354.29,87.53,519.40,173.23,2.491,25.518,3.225,20.347
716,35.667,2,keyboard,0.687583,216.12,141.14,639.24,477.56,2.491,25.518,3.225,20.347
717,35.709,1,mouse,0.957827,353.84,88.43,520.87,172.95,2.537,25.569,2.990,20.704
717,35.709,2,keyboard,0.754797,234.63,141.46,640.00,477.21,2.537,25.569,2.990,20.704
718,35.769,1,mouse,0.977267,359.25,93.57,519.23,176.90,2.763,25.573,3.367,20.330
718,35.769,2,keyboard,0.625020,195.53,147.53,640.00,477.51,2.763,25.573,3.367,20.330
719,35.810,1,mouse,0.985373,359.84,94.20,521.68,177.62,2.520,25.574,3.024,20.667
719,35.810,2,keyboard,0.706196,236.89,153.52,640.00,477.09,2.520,25.574,3.024,20.667
720,35.868,1,mouse,0.949879,367.60,90.48,530.00,170.76,2.619,25.553,3.100,20.351
720,35.868,2,keyboard,0.638454,236.71,164.52,639.60,476.85,2.619,25.553,3.100,20.351
721,35.909,1,mouse,0.946393,366.72,86.98,527.02,170.50,2.553,25.561,2.886,20.705
721,35.909,2,keyboard,0.534844,216.85,160.19,639.58,476.87,2.553,25.561,2.886,20.705
722,35.968,1,mouse,0.928199,367.82,86.14,528.78,168.41,2.530,25.595,3.522,20.347
723,36.009,1,mouse,0.980636,362.76,93.72,523.51,176.47,2.585,25.535,2.954,20.730
724,36.067,1,mouse,0.990486,366.15,97.36,525.83,180.56,2.673,25.532,3.147,20.370
725,36.108,1,mouse,0.974455,364.73,104.37,524.10,186.89,2.570,25.560,2.962,20.782
726,36.168,1,mouse,0.958397,354.30,110.32,518.37,193.71,2.796,25.576,3.161,20.388
727,36.208,1,mouse,0.962413,352.69,112.73,513.18,196.17,2.593,25.565,3.014,20.768
728,36.269,1,mouse,0.975106,338.22,109.50,498.36,193.02,2.778,25.506,3.304,20.391
729,36.310,1,mouse,0.943585,335.91,108.46,498.43,192.32,2.564,25.533,3.123,20.711
730,36.368,1,mouse,0.942529,329.92,107.35,490.12,190.82,2.731,25.555,3.257,20.382
731,36.408,1,mouse,0.955472,329.42,110.27,490.42,194.12,2.592,25.765,2.979,20.745
732,36.467,1,mouse,0.900679,344.11,112.99,491.18,192.79,2.516,25.559,3.324,20.390
733,36.505,1,mouse,0.824021,353.05,110.81,516.17,193.64,2.600,25.760,3.018,20.806
734,36.569,1,mouse,0.957414,383.38,116.52,541.90,199.64,2.558,25.591,3.095,20.412
735,36.609,1,mouse,0.938781,385.59,119.26,548.46,202.22,2.563,25.512,3.038,20.713
736,36.674,1,mouse,0.974518,386.13,131.86,542.03,211.36,2.840,25.562,4.924,20.218
737,36.739,1,mouse,0.949033,383.22,124.55,538.87,204.81,3.042,25.661,3.490,19.780
738,36.779,1,mouse,0.926732,382.53,117.16,540.28,199.37,2.617,25.540,3.106,20.117
739,36.835,1,mouse,0.946355,377.19,116.45,534.34,198.98,2.490,25.530,3.028,19.924
740,36.876,1,mouse,0.920869,377.34,119.16,535.21,200.30,2.532,25.768,3.036,20.338
741,36.935,1,mouse,0.940277,358.72,103.58,519.63,183.20,2.767,25.529,3.187,19.993
742,36.976,1,mouse,0.974892,356.47,99.13,518.21,178.08,2.590,25.733,2.936,20.439
743,37.035,1,mouse,0.944087,353.12,77.72,515.71,160.91,2.659,25.567,3.163,20.093
744,37.075,1,mouse,0.970362,347.24,72.12,505.37,154.16,2.640,25.573,3.024,20.524
745,37.137,1,mouse,0.983331,340.22,74.14,499.81,155.86,2.767,25.493,3.282,20.158
746,37.178,1,mouse,0.985030,339.40,74.06,499.93,155.40,2.553,25.533,3.050,20.489
747,37.236,1,mouse,0.986556,347.13,65.40,503.17,147.64,2.731,25.525,3.162,20.190
748,37.277,1,mouse,0.957544,342.27,62.62,500.65,144.23,2.752,25.560,3.217,20.577
749,37.336,1,mouse,0.937116,338.29,56.92,500.96,137.19,2.823,25.530,3.175,20.217
750,37.377,1,mouse,0.941711,337.24,52.23,498.63,135.51,2.631,25.750,2.951,20.616
751,37.436,1,mouse,0.970818,336.87,48.75,497.69,131.26,2.702,25.556,3.194,20.271
752,37.476,1,mouse,0.962895,334.05,44.20,494.24,125.69,2.547,25.551,3.202,20.612
753,37.535,1,mouse,0.951837,320.94,42.94,485.70,128.22,2.504,25.546,3.316,20.280
753,37.535,1,mouse,0.481652,0.00,18.29,136.67,473.84,2.504,25.546,3.316,20.280
754,37.577,1,mouse,0.974219,334.83,45.75,493.83,128.08,2.601,25.792,3.218,20.672
755,37.635,1,mouse,0.939704,334.06,49.22,497.10,134.96,2.774,25.553,3.240,20.303
756,37.677,1,mouse,0.934750,340.14,53.07,503.34,136.63,2.587,25.523,3.181,20.719
757,37.737,1,mouse,0.963936,338.29,50.48,498.94,132.76,2.763,25.444,3.259,20.343
758,37.778,1,mouse,0.972058,338.12,47.48,500.69,130.68,2.536,25.799,3.031,20.651
759,37.835,1,mouse,0.981145,347.66,40.06,512.42,123.19,2.537,25.553,3.062,20.343
760,37.876,1,mouse,0.977587,349.68,38.54,507.39,123.36,2.555,25.564,2.948,20.731
761,37.936,1,mouse,0.991448,336.37,33.12,499.46,118.11,2.776,25.538,3.231,20.346
762,37.977,1,mouse,0.987702,336.34,31.44,498.30,114.70,2.603,25.742,2.899,20.723
763,38.036,1,mouse,0.948596,337.95,16.59,508.29,103.05,2.538,25.531,3.294,20.370
764,38.078,1,mouse,0.900606,345.44,12.32,513.11,99.34,2.535,25.562,3.054,20.709
765,38.136,1,mouse,0.891624,334.54,8.77,514.52,96.57,2.529,25.540,3.301,20.363
766,38.177,1,mouse,0.906709,304.83,8.53,511.08,95.89,2.554,25.907,3.009,20.697
767,38.236,1,mouse,0.920203,351.39,0.00,522.20,82.50,2.493,25.558,3.128,20.367
768,38.279,1,mouse,0.818914,327.96,0.00,525.23,80.18,2.530,25.555,4.358,20.615
769,38.336,1,mouse,0.981815,354.82,0.00,525.18,86.54,2.508,25.483,3.059,20.335
770,38.377,1,mouse,0.961092,350.57,0.00,522.16,87.27,2.567,25.843,2.938,20.658
771,38.437,1,mouse,0.894479,353.23,22.00,519.84,112.18,2.528,25.590,3.202,20.307
771,38.437,1,mouse,0.870771,0.00,1.69,160.58,474.03,2.528,25.590,3.202,20.307
771,38.437,1,mouse,0.280809,3.65,0.00,618.23,463.08,2.528,25.590,3.202,20.307
772,38.479,1,mouse,0.956635,349.48,41.09,520.27,126.77,2.545,25.612,3.021,20.639
773,38.535,1,mouse,0.950664,349.35,49.00,518.85,135.47,2.541,25.552,3.083,20.327
774,38.576,1,mouse,0.948478,346.57,53.67,510.25,139.11,2.601,25.763,2.965,20.722
775,38.636,1,mouse,0.971824,336.10,44.69,498.45,128.24,2.773,25.600,3.182,20.333
776,38.678,1,mouse,0.913929,334.58,41.94,500.77,124.37,2.530,25.775,3.103,20.683
777,38.735,1,mouse,0.899711,302.36,38.71,489.19,122.91,2.542,25.566,3.276,20.348
778,38.777,1,mouse,0.960892,314.61,46.35,482.57,129.14,2.607,25.575,2.990,20.755
779,38.836,1,mouse,0.954287,317.24,46.11,480.83,131.67,2.533,25.541,3.354,20.373
780,38.876,1,mouse,0.915362,307.20,50.49,471.15,135.96,2.612,25.567,2.977,20.740
781,38.936,1,mouse,0.945674,299.88,37.06,469.49,119.63,2.769,25.580,3.246,20.367
782,38.978,1,mouse,0.981455,306.74,38.93,468.67,124.84,2.566,25.593,3.055,20.719
783,39.036,1,mouse,0.870818,294.13,38.87,470.19,124.76,2.513,25.529,3.397,20.379
784,39.077,1,mouse,0.966416,302.46,43.42,465.94,130.09,2.565,25.586,3.021,20.726
784,39.077,1,mouse,0.330366,0.27,0.37,107.18,452.44,2.565,25.586,3.021,20.726
785,39.136,1,mouse,0.943146,294.99,44.42,459.63,129.60,2.574,25.550,3.194,20.378
786,39.176,1,mouse,0.963966,291.69,38.26,457.69,123.93,2.610,25.570,2.971,20.757
787,39.235,1,mouse,0.958473,285.53,30.99,451.93,119.58,2.778,25.539,3.241,20.375
788,39.275,1,mouse,0.957142,288.61,36.65,454.39,126.71,2.577,25.535,3.047,20.821
789,39.336,1,mouse,0.924959,288.53,46.01,454.73,136.91,2.598,25.547,3.196,20.405
789,39.336,1,mouse,0.282812,0.00,54.12,97.21,480.00,2.598,25.547,3.196,20.405
790,39.377,1,mouse,0.973605,289.69,61.32,456.77,149.48,2.636,25.588,3.007,20.805
791,39.436,1,mouse,0.979409,293.53,62.51,458.71,148.90,2.763,25.457,3.287,20.427
792,39.478,1,mouse,0.984297,296.86,62.19,461.09,147.63,2.541,25.587,3.124,20.763
793,39.540,1,mouse,0.969417,298.67,68.36,463.49,156.13,2.639,25.537,3.394,20.297
794,39.606,1,mouse,0.954002,292.37,67.16,460.22,156.32,2.627,26.537,3.519,19.804
795,39.648,1,mouse,0.954506,287.18,65.74,458.47,154.33,2.597,25.511,3.114,20.163
796,39.703,1,mouse,0.957606,293.29,70.89,458.02,161.07,2.541,25.641,3.231,19.938
797,39.744,1,mouse,0.934509,294.95,72.14,461.70,164.47,2.693,25.550,3.010,20.378
798,39.803,1,mouse,0.956104,303.94,78.89,470.33,166.97,2.513,25.555,3.268,20.044
799,39.844,1,mouse,0.905014,313.20,74.76,479.59,162.29,2.575,25.736,2.943,20.457
800,39.904,1,mouse,0.901280,310.73,67.94,493.41,155.31,2.791,25.553,3.020,20.103
800,39.904,1,mouse,0.334649,0.00,0.00,25.45,50.23,2.791,25.553,3.020,20.103
801,39.944,1,mouse,0.940180,323.27,60.79,492.93,146.93,2.583,25.566,3.012,20.520
802,40.002,,,,,,,,2.771,25.507,1.503,20.236
803,40.043,1,mouse,0.464780,345.88,55.42,471.12,143.95,2.585,25.760,2.925,20.603
804,40.102,,,,,,,,2.844,25.535,1.657,20.251
805,40.140,,,,,,,,2.522,25.513,1.450,20.781
806,40.204,,,,,,,,2.703,26.748,1.647,20.298
807,40.244,,,,,,,,2.590,25.521,1.584,20.772
808,40.305,2,keyboard,0.413499,0.00,41.01,399.02,472.70,2.564,25.530,3.265,20.368
809,40.347,2,keyboard,0.611828,1.37,61.39,616.47,475.15,2.553,25.550,3.157,20.657
809,40.347,2,keyboard,0.436886,0.00,34.46,399.15,473.89,2.553,25.550,3.157,20.657
810,40.404,1,mouse,0.923128,357.63,37.27,525.32,121.01,2.518,25.532,3.093,20.341
810,40.404,2,keyboard,0.879145,67.06,118.81,612.23,477.59,2.518,25.532,3.093,20.341
810,40.404,2,keyboard,0.263061,0.00,39.26,411.23,476.82,2.518,25.532,3.093,20.341
811,40.446,2,keyboard,0.823637,119.44,87.05,624.58,477.44,2.545,25.775,2.922,20.662
811,40.446,2,keyboard,0.377618,0.19,50.77,162.64,302.49,2.545,25.775,2.922,20.662
812,40.504,2,keyboard,0.883473,3.37,87.96,630.43,479.81,2.526,25.564,3.081,20.333
812,40.504,1,mouse,0.746459,355.49,39.85,520.03,119.73,2.526,25.564,3.081,20.333
812,40.504,2,keyboard,0.278348,0.00,72.91,409.41,476.52,2.526,25.564,3.081,20.333
813,40.547,2,keyboard,0.860591,31.07,93.69,626.14,480.00,2.539,25.691,3.618,20.605
813,40.547,1,mouse,0.682494,352.93,36.61,517.24,117.22,2.539,25.691,3.618,20.605
813,40.547,2,keyboard,0.423261,0.00,53.72,390.64,476.69,2.539,25.691,3.618,20.605
813,40.547,1,mouse,0.319913,571.21,138.61,640.00,255.26,2.539,25.691,3.618,20.605
814,40.604,2,keyboard,0.922597,14.12,80.40,617.83,479.46,2.726,25.618,3.120,20.294
814,40.604,1,mouse,0.731408,348.69,28.02,515.21,106.27,2.726,25.618,3.120,20.294
814,40.604,2,keyboard,0.265183,0.00,43.45,387.27,474.97,2.726,25.618,3.120,20.294
815,40.646,2,keyboard,0.871849,7.01,80.21,608.40,478.81,2.560,25.869,2.970,20.651
815,40.646,1,mouse,0.420213,575.12,151.74,640.00,329.75,2.560,25.869,2.970,20.651
815,40.646,2,keyboard,0.252091,0.00,82.47,387.17,471.10,2.560,25.869,2.970,20.651
816,40.704,2,keyboard,0.887918,64.15,77.06,598.26,479.95,2.651,25.494,3.203,20.309
816,40.704,2,keyboard,0.381616,0.00,44.23,139.73,266.58,2.651,25.494,3.203,20.309
817,40.746,2,keyboard,0.849333,72.74,83.05,591.74,477.25,2.545,25.587,2.983,20.658
817,40.746,1,mouse,0.545643,571.27,151.37,640.00,328.41,2.545,25.587,2.983,20.658
817,40.746,2,keyboard,0.367995,0.00,73.91,367.39,471.31,2.545,25.587,2.983,20.658
818,40.804,2,keyboard,0.871590,17.47,76.71,566.71,478.00,2.508,25.510,3.255,20.328
818,40.804,1,mouse,0.813463,572.19,156.39,640.00,332.75,2.508,25.510,3.255,20.328
818,40.804,1,mouse,0.363849,322.66,15.20,490.99,97.95,2.508,25.510,3.255,20.328
819,40.845,2,keyboard,0.854413,34.09,79.61,590.90,480.00,2.553,25.537,2.922,20.689
819,40.845,1,mouse,0.282046,291.56,18.92,489.97,103.80,2.553,25.537,2.922,20.689
820,40.903,2,keyboard,0.886191,59.59,78.48,596.34,479.89,2.508,25.539,3.104,20.349
820,40.903,2,keyboard,0.531152,0.00,88.36,369.73,470.03,2.508,25.539,3.104,20.349
821,40.944,2,keyboard,0.895563,51.16,77.50,609.45,480.00,2.569,25.554,2.980,20.747
822,41.005,2,keyboard,0.914516,23.08,82.15,607.61,480.00,2.797,25.551,3.346,20.336
822,41.005,1,mouse,0.559177,335.33,27.93,500.53,106.73,2.797,25.551,3.346,20.336
822,41.005,2,keyboard,0.539576,0.00,45.96,373.29,471.19,2.797,25.551,3.346,20.336
822,41.005,2,keyboard,0.252365,489.77,149.35,639.88,475.42,2.797,25.551,3.346,20.336
823,41.047,2,keyboard,0.921874,41.85,80.07,603.38,479.56,2.554,25.765,2.992,20.646
823,41.047,1,mouse,0.432366,337.36,29.42,502.16,107.87,2.554,25.765,2.992,20.646
823,41.047,2,keyboard,0.285440,521.82,160.07,640.00,477.10,2.554,25.765,2.992,20.646
824,41.104,2,keyboard,0.919549,30.04,81.37,610.33,479.47,2.549,25.551,3.123,20.347
824,41.104,2,keyboard,0.566299,0.00,26.48,372.31,472.07,2.549,25.551,3.123,20.347
824,41.104,2,keyboard,0.333933,489.13,164.17,640.00,474.30,2.549,25.551,3.123,20.347
824,41.104,2,keyboard,0.312497,0.00,44.99,134.41,272.83,2.549,25.551,3.123,20.347
825,41.146,2,keyboard,0.877661,58.04,83.99,616.94,478.42,2.528,25.565,2.949,20.679
825,41.146,1,mouse,0.660427,331.33,29.22,499.43,105.39,2.528,25.565,2.949,20.679
825,41.146,2,keyboard,0.327425,0.00,45.45,369.21,471.38,2.528,25.565,2.949,20.679
825,41.146,2,keyboard,0.313285,520.23,150.97,640.00,475.17,2.528,25.565,2.949,20.679
826,41.206,2,keyboard,0.867343,50.69,104.00,604.19,480.00,2.555,25.518,3.156,20.319
826,41.206,1,mouse,0.783217,316.57,45.56,488.30,124.15,2.555,25.518,3.156,20.319
826,41.206,2,keyboard,0.529173,0.00,38.14,357.54,474.11,2.555,25.518,3.156,20.319
826,41.206,2,keyboard,0.453497,511.25,171.34,640.00,474.41,2.555,25.518,3.156,20.319
827,41.248,2,keyboard,0.892738,58.45,110.03,599.54,480.00,2.547,25.751,3.019,20.606
827,41.248,2,keyboard,0.562722,0.00,118.49,362.47,472.38,2.547,25.751,3.019,20.606
827,41.248,2,keyboard,0.546108,507.18,181.99,639.99,474.83,2.547,25.751,3.019,20.606
827,41.248,1,mouse,0.392755,318.78,56.23,485.59,134.10,2.547,25.751,3.019,20.606
828,41.304,2,keyboard,0.839765,63.06,108.12,619.08,479.74,2.545,25.593,3.191,20.327
828,41.304,1,mouse,0.723705,316.73,64.95,483.82,143.95,2.545,25.593,3.191,20.327
828,41.304,2,keyboard,0.415834,517.15,155.22,640.00,473.70,2.545,25.593,3.191,20.327
828,41.304,2,keyboard,0.352165,0.00,80.32,362.18,471.21,2.545,25.593,3.191,20.327
829,41.346,1,mouse,0.857015,315.98,71.11,484.65,148.35,2.522,25.568,3.056,20.660
829,41.346,2,keyboard,0.660265,100.16,124.42,598.99,478.96,2.522,25.568,3.056,20.660
829,41.346,2,keyboard,0.309963,0.00,70.06,356.36,472.44,2.522,25.568,3.056,20.660
829,41.346,2,keyboard,0.261076,481.85,169.14,640.00,475.56,2.522,25.568,3.056,20.660
830,41.404,2,keyboard,0.865044,75.88,139.47,596.39,477.85,2.504,25.561,3.105,20.336
830,41.404,1,mouse,0.546420,312.52,92.17,475.11,168.01,2.504,25.561,3.105,20.336
830,41.404,2,keyboard,0.485227,502.66,182.46,640.00,476.14,2.504,25.561,3.105,20.336
831,41.446,1,mouse,0.906694,311.99,102.79,475.44,181.28,2.601,25.779,2.940,20.688
831,41.446,2,keyboard,0.873760,90.64,147.47,592.41,479.49,2.601,25.779,2.940,20.688
831,41.446,2,keyboard,0.257941,0.00,46.70,355.52,474.71,2.601,25.779,2.940,20.688
832,41.503,1,mouse,0.909053,321.56,107.89,485.56,184.48,2.744,25.550,3.170,20.332
832,41.503,2,keyboard,0.880905,90.16,160.97,599.01,478.73,2.744,25.550,3.170,20.332
833,41.544,2,keyboard,0.858133,117.69,176.58,599.59,477.44,2.600,25.558,2.935,20.754
833,41.544,1,mouse,0.839776,321.52,117.58,487.65,193.84,2.600,25.558,2.935,20.754
834,41.604,2,keyboard,0.868477,112.40,177.60,607.25,477.35,2.621,25.543,3.185,20.359
834,41.604,1,mouse,0.797356,324.04,120.36,489.19,194.58,2.621,25.543,3.185,20.359
834,41.604,2,keyboard,0.471183,0.00,98.89,368.41,475.11,2.621,25.543,3.185,20.359
835,41.646,2,keyboard,0.886621,116.19,177.34,606.47,477.25,2.527,25.837,3.046,20.704
835,41.646,1,mouse,0.845532,325.29,119.10,489.12,195.23,2.527,25.837,3.046,20.704
835,41.646,2,keyboard,0.394104,0.00,141.75,369.33,477.00,2.527,25.837,3.046,20.704
836,41.704,2,keyboard,0.879451,121.34,174.49,609.40,476.83,2.898,25.610,3.128,20.348
836,41.704,1,mouse,0.753501,327.35,115.92,493.32,193.35,2.898,25.610,3.128,20.348
836,41.704,2,keyboard,0.380194,0.00,96.16,373.18,474.28,2.898,25.610,3.128,20.348
836,41.704,2,keyboard,0.301513,0.00,107.63,130.96,345.06,2.898,25.610,3.128,20.348
837,41.746,2,keyboard,0.891285,124.45,177.44,605.31,477.41,2.498,25.522,2.984,20.718
837,41.746,1,mouse,0.877758,326.61,118.43,490.28,194.88,2.498,25.522,2.984,20.718
837,41.746,2,keyboard,0.337222,0.42,96.68,376.97,474.79,2.498,25.522,2.984,20.718
838,41.803,2,keyboard,0.839829,128.00,178.71,608.47,477.38,2.538,25.522,3.154,20.386
838,41.803,1,mouse,0.789928,328.98,121.12,493.51,197.91,2.538,25.522,3.154,20.386
839,41.843,2,keyboard,0.858858,127.74,183.04,601.98,477.31,2.512,25.533,2.926,20.812
839,41.843,1,mouse,0.781416,325.17,126.52,491.12,203.14,2.512,25.533,2.926,20.812
840,41.903,1,mouse,0.952803,329.24,133.41,492.90,210.55,2.509,25.548,3.270,20.406
840,41.903,2,keyboard,0.695746,151.87,183.66,602.22,478.96,2.509,25.548,3.270,20.406
841,41.944,1,mouse,0.861769,336.76,138.43,497.53,212.84,2.572,25.521,3.081,20.817
841,41.944,2,keyboard,0.757013,161.19,195.69,597.50,476.86,2.572,25.521,3.081,20.817
842,42.004,1,mouse,0.848823,330.56,135.92,500.03,210.98,2.769,25.500,3.153,20.420
842,42.004,2,keyboard,0.580090,151.05,189.69,601.58,477.31,2.769,25.500,3.153,20.420
843,42.046,1,mouse,0.906899,336.95,133.29,503.53,208.81,2.888,25.906,3.120,20.743
843,42.046,2,keyboard,0.744047,149.76,184.03,606.71,477.24,2.888,25.906,3.120,20.743
843,42.046,2,keyboard,0.448439,0.00,130.80,150.89,470.92,2.888,25.906,3.120,20.743
844,42.103,2,keyboard,0.870487,147.77,181.98,605.38,477.59,2.739,25.535,3.110,20.406
844,42.103,1,mouse,0.850314,339.86,124.52,502.50,199.96,2.739,25.535,3.110,20.406
845,42.144,2,keyboard,0.879190,142.31,178.48,608.31,477.13,2.564,25.543,3.012,20.816
845,42.144,1,mouse,0.567062,344.89,117.63,505.50,192.78,2.564,25.543,3.012,20.816
846,42.205,1,mouse,0.894757,350.57,102.47,511.44,178.65,2.750,25.724,3.237,20.395
846,42.205,2,keyboard,0.831552,74.07,137.25,624.07,477.93,2.750,25.724,3.237,20.395
847,42.247,2,keyboard,0.870155,107.75,140.87,624.18,477.95,2.850,25.589,2.991,20.723
847,42.247,1,mouse,0.326108,349.66,89.86,511.59,164.12,2.850,25.589,2.991,20.723
848,42.308,2,keyboard,0.867362,76.27,141.46,625.49,477.55,2.763,25.499,3.127,20.295
848,42.308,1,mouse,0.830134,339.73,77.86,522.06,150.21,2.763,25.499,3.127,20.295
849,42.374,1,mouse,0.846840,355.28,55.81,522.21,130.75,2.957,25.449,3.546,19.803
849,42.374,2,keyboard,0.811891,91.45,114.49,620.87,477.55,2.957,25.449,3.546,19.803
850,42.416,2,keyboard,0.825869,106.84,105.08,616.56,478.37,2.613,25.514,3.231,20.143
850,42.416,1,mouse,0.689853,358.40,49.12,527.35,129.43,2.613,25.514,3.231,20.143
851,42.472,1,mouse,0.821689,365.47,40.07,529.71,116.10,2.786,25.523,3.175,19.916
851,42.472,2,keyboard,0.769206,116.14,97.75,613.64,480.00,2.786,25.523,3.175,19.916
852,42.513,2,keyboard,0.825547,112.04,105.64,623.51,478.55,2.581,25.569,3.147,20.324
852,42.513,1,mouse,0.816459,370.29,36.02,535.58,114.43,2.581,25.569,3.147,20.324
853,42.571,2,keyboard,0.805500,105.52,86.60,620.95,478.15,2.519,25.546,3.261,20.019
853,42.571,1,mouse,0.263489,347.37,26.38,539.59,103.50,2.519,25.546,3.261,20.019
854,42.613,2,keyboard,0.843798,139.29,76.48,640.00,480.00,2.612,25.740,2.962,20.410
854,42.613,1,mouse,0.461942,383.19,19.52,547.37,94.23,2.612,25.740,2.962,20.410
855,42.675,2,keyboard,0.893236,3.46,50.81,622.42,477.10,2.750,25.573,6.090,19.991
855,42.675,1,mouse,0.384177,397.38,0.00,558.20,71.62,2.750,25.573,6.090,19.991
856,42.716,2,keyboard,0.884873,2.65,44.75,617.96,480.00,2.690,25.535,3.028,20.385
857,42.771,2,keyboard,0.905541,6.68,3.46,627.30,480.00,2.527,25.509,3.232,20.180
858,42.811,2,keyboard,0.913476,9.18,16.41,624.92,480.00,2.560,25.562,3.132,20.600
859,42.872,2,keyboard,0.892059,55.29,0.00,625.25,480.00,2.499,25.537,3.259,20.228
859,42.872,1,mouse,0.497813,0.27,329.15,47.64,471.01,2.499,25.537,3.259,20.228
860,42.914,2,keyboard,0.821927,16.10,0.00,624.13,476.04,2.603,25.728,3.056,20.554
860,42.914,1,mouse,0.466607,0.20,326.99,47.89,471.17,2.603,25.728,3.056,20.554
861,42.972,2,keyboard,0.850735,83.71,0.00,623.99,478.97,2.705,25.637,3.317,20.225
861,42.972,1,mouse,0.445878,0.11,302.16,45.61,469.13,2.705,25.637,3.317,20.225
862,43.013,2,keyboard,0.821605,68.33,0.00,622.47,476.20,2.555,25.559,3.097,20.600
862,43.013,1,mouse,0.366859,0.12,302.53,45.78,469.37,2.555,25.559,3.097,20.600
863,43.072,2,keyboard,0.810899,67.80,0.00,619.18,474.39,2.646,25.497,3.222,20.263
863,43.072,1,mouse,0.541762,0.17,301.50,45.83,468.81,2.646,25.497,3.222,20.263
864,43.113,2,keyboard,0.781325,69.98,0.00,618.95,476.32,2.587,25.766,2.941,20.643
864,43.113,1,mouse,0.417191,0.16,299.90,43.48,468.50,2.587,25.766,2.941,20.643
865,43.172,2,keyboard,0.804958,72.13,0.00,622.33,477.64,2.746,25.599,3.093,20.288
865,43.172,1,mouse,0.450242,0.13,300.27,45.85,470.10,2.746,25.599,3.093,20.288
866,43.213,2,keyboard,0.717903,106.95,0.00,635.22,475.43,2.579,25.555,2.925,20.670
866,43.213,1,mouse,0.359292,0.05,306.10,42.44,469.08,2.579,25.555,2.925,20.670
867,43.272,2,keyboard,0.769882,70.15,0.00,621.57,474.73,2.606,25.519,3.226,20.317
868,43.313,2,keyboard,0.775653,54.80,0.00,619.63,477.15,2.583,25.771,2.873,20.685
868,43.313,1,mouse,0.304195,0.00,307.26,36.48,469.69,2.583,25.771,2.873,20.685
869,43.371,2,keyboard,0.762952,58.56,0.00,618.46,477.03,2.520,25.623,3.131,20.343
870,43.412,2,keyboard,0.800862,55.17,0.00,623.30,477.02,2.562,25.528,3.014,20.748
871,43.471,2,keyboard,0.820439,60.24,0.00,602.88,470.47,2.746,25.580,3.195,20.353
872,43.512,2,keyboard,0.749884,86.77,0.00,609.05,475.68,2.594,25.589,2.955,20.772
873,43.571,2,keyboard,0.866546,17.70,0.00,598.89,474.41,2.653,25.554,3.290,20.387
874,43.612,2,keyboard,0.867372,7.44,0.00,609.32,476.36,2.564,25.534,3.021,20.794
875,43.673,2,keyboard,0.888337,15.29,0.00,603.91,476.56,2.778,25.554,3.194,20.401
876,43.713,2,keyboard,0.878439,7.21,0.00,616.19,476.08,2.572,25.480,2.974,20.738
877,43.773,2,keyboard,0.883817,21.47,6.37,586.60,474.15,2.533,25.535,3.165,20.349
878,43.814,2,keyboard,0.887632,8.71,0.00,591.56,474.10,2.563,25.743,2.980,20.720
879,43.872,2,keyboard,0.861426,12.15,13.66,593.05,475.54,2.527,25.565,3.242,20.400
879,43.872,2,keyboard,0.449032,513.17,0.00,640.00,139.68,2.527,25.565,3.242,20.400
880,43.914,2,keyboard,0.866331,44.48,10.69,579.19,476.17,2.545,25.577,2.956,20.723
880,43.914,2,keyboard,0.410015,514.60,0.00,640.00,112.60,2.545,25.577,2.956,20.723
880,43.914,1,mouse,0.260162,601.39,93.78,640.00,179.79,2.545,25.577,2.956,20.723
881,43.972,2,keyboard,0.891488,4.03,25.31,596.21,476.84,2.520,25.572,3.145,20.383
881,43.972,2,keyboard,0.336032,523.56,0.00,640.00,123.33,2.520,25.572,3.145,20.383
881,43.972,1,mouse,0.283181,599.96,214.72,639.97,287.90,2.520,25.572,3.145,20.383
882,44.013,2,keyboard,0.880571,20.14,16.13,597.94,476.81,2.537,25.570,2.941,20.745
882,44.013,2,keyboard,0.285387,512.97,0.00,640.00,124.07,2.537,25.570,2.941,20.745
883,44.071,2,keyboard,0.881743,48.64,24.40,587.98,477.53,2.725,25.578,3.175,20.384
884,44.112,2,keyboard,0.885279,50.38,27.34,587.66,477.12,2.589,25.553,2.937,20.795
885,44.172,2,keyboard,0.895712,22.89,33.57,572.96,478.21,2.696,25.620,3.179,20.402
886,44.214,2,keyboard,0.899908,1.62,38.88,572.04,477.38,2.534,25.556,2.986,20.746
886,44.214,1,mouse,0.385592,570.33,116.10,640.00,294.44,2.534,25.556,2.986,20.746
887,44.271,2,keyboard,0.898376,26.48,44.70,568.20,480.00,2.484,25.546,3.136,20.413
888,44.312,2,keyboard,0.898862,59.46,52.12,579.93,478.56,2.583,25.556,2.979,20.806
889,44.372,2,keyboard,0.902971,53.20,52.48,585.54,478.15,2.586,25.615,3.149,20.410
890,44.413,2,keyboard,0.916706,18.24,45.84,567.25,480.00,2.543,25.514,2.994,20.780
891,44.471,2,keyboard,0.903807,21.26,43.20,611.22,479.08,2.513,25.547,3.291,20.417
892,44.512,2,keyboard,0.910596,22.24,50.88,602.55,480.00,2.600,25.566,3.056,20.791
893,44.573,2,keyboard,0.915498,6.25,67.86,622.22,477.08,2.637,25.574,3.757,20.389
893,44.573,1,mouse,0.851890,337.65,10.17,501.77,86.71,2.637,25.574,3.757,20.389
894,44.614,2,keyboard,0.922497,19.93,77.72,614.67,479.10,2.562,25.512,3.201,20.736
894,44.614,1,mouse,0.684048,338.04,22.03,502.00,102.49,2.562,25.512,3.201,20.736
895,44.673,2,keyboard,0.897061,48.59,91.85,608.43,479.54,2.562,25.602,3.166,20.405
895,44.673,1,mouse,0.870539,337.93,39.45,503.65,116.01,2.562,25.602,3.166,20.405
896,44.714,1,mouse,0.891261,336.73,40.01,501.76,114.97,2.542,25.541,3.286,20.714
896,44.714,2,keyboard,0.882004,43.39,94.01,598.83,479.58,2.542,25.541,3.286,20.714
897,44.773,2,keyboard,0.897231,66.68,99.88,590.48,478.77,3.818,25.500,3.102,20.356
897,44.773,1,mouse,0.693428,333.29,44.00,502.61,116.75,3.818,25.500,3.102,20.356
898,44.814,2,keyboard,0.884376,62.78,96.96,591.37,479.60,2.591,25.562,2.972,20.731
898,44.814,1,mouse,0.580101,338.99,43.67,506.18,115.35,2.591,25.562,2.972,20.731
899,44.872,2,keyboard,0.892359,69.71,106.90,586.38,477.27,2.517,25.526,3.274,20.394
899,44.872,1,mouse,0.868738,336.22,48.71,504.06,120.17,2.517,25.526,3.274,20.394
899,44.872,1,mouse,0.282758,572.91,170.41,640.00,304.06,2.517,25.526,3.274,20.394
900,44.913,2,keyboard,0.885887,72.15,97.59,580.44,479.88,2.514,25.799,2.980,20.736
900,44.913,1,mouse,0.284427,336.05,45.23,506.91,115.22,2.514,25.799,2.980,20.736
901,44.972,2,keyboard,0.861962,67.33,92.47,576.97,479.25,2.503,25.594,3.362,20.390
901,44.972,1,mouse,0.351978,339.44,43.94,507.55,112.24,2.503,25.594,3.362,20.390
902,45.012,1,mouse,0.885365,343.72,43.47,512.24,110.90,2.587,25.534,2.913,20.763
902,45.012,2,keyboard,0.863057,77.29,96.20,584.14,477.21,2.587,25.534,2.913,20.763
903,45.072,1,mouse,0.915646,353.45,47.28,518.81,115.70,2.771,25.582,3.106,20.387
903,45.072,2,keyboard,0.861997,88.24,104.48,591.86,477.37,2.771,25.582,3.106,20.387
903,45.072,2,keyboard,0.337234,482.58,190.66,640.00,474.90,2.771,25.582,3.106,20.387
904,45.113,2,keyboard,0.874941,57.70,101.55,589.10,479.50,2.508,25.550,3.281,20.737
904,45.113,1,mouse,0.836235,353.23,50.65,521.28,116.60,2.508,25.550,3.281,20.737
905,45.177,2,keyboard,0.884784,82.42,107.33,584.57,480.00,2.826,25.742,3.378,20.265
905,45.177,1,mouse,0.462667,360.23,56.92,533.55,119.92,2.826,25.742,3.378,20.265
906,45.241,2,keyboard,0.890681,74.61,104.28,576.17,479.48,2.624,25.901,3.307,19.806
906,45.241,1,mouse,0.702676,366.51,54.74,534.72,117.91,2.624,25.901,3.307,19.806
907,45.282,2,keyboard,0.866281,46.51,107.47,572.87,480.00,2.598,25.543,2.988,20.176
907,45.282,1,mouse,0.742448,371.13,57.21,537.25,118.68,2.598,25.543,2.988,20.176
908,45.339,2,keyboard,0.892699,103.82,110.53,580.07,479.67,2.527,25.543,3.161,19.923
908,45.339,1,mouse,0.763400,373.22,62.86,544.53,122.12,2.527,25.543,3.161,19.923
909,45.380,2,keyboard,0.895545,98.07,111.42,581.32,479.83,2.610,25.736,2.965,20.348
909,45.380,1,mouse,0.448186,377.37,64.17,549.45,122.86,2.610,25.736,2.965,20.348
910,45.440,2,keyboard,0.896000,120.37,114.49,571.27,477.54,2.749,25.568,3.274,20.000
910,45.440,1,mouse,0.308049,378.82,70.34,551.55,128.64,2.749,25.568,3.274,20.000
911,45.481,2,keyboard,0.896787,121.33,115.50,573.50,480.00,2.558,25.595,3.120,20.415
911,45.481,1,mouse,0.306059,384.64,70.26,556.08,129.66,2.558,25.595,3.120,20.415
912,45.540,2,keyboard,0.872977,127.43,115.77,570.07,480.00,2.528,25.573,3.235,20.100
913,45.580,2,keyboard,0.858254,113.00,115.92,572.01,479.80,2.611,25.578,3.031,20.504
914,45.640,2,keyboard,0.867560,140.41,116.77,567.94,477.31,2.524,25.528,3.224,20.157
914,45.640,1,mouse,0.460020,389.01,74.52,558.19,130.15,2.524,25.528,3.224,20.157
915,45.680,2,keyboard,0.850932,129.55,114.96,561.07,480.00,2.548,25.511,3.166,20.555
915,45.680,1,mouse,0.427981,390.75,73.30,561.22,129.81,2.548,25.511,3.166,20.555
916,45.739,2,keyboard,0.889561,127.84,113.72,560.23,480.00,2.527,25.531,3.286,20.210
917,45.780,2,keyboard,0.861488,121.54,114.58,560.58,480.00,2.552,25.544,2.987,20.653
917,45.780,1,mouse,0.289861,388.92,72.64,557.42,125.79,2.552,25.544,2.987,20.653
918,45.840,2,keyboard,0.886901,121.96,114.90,565.88,480.00,2.685,25.556,3.306,20.252
918,45.840,1,mouse,0.253368,386.38,73.99,556.84,130.74,2.685,25.556,3.306,20.252
919,45.880,2,keyboard,0.897760,125.67,114.07,567.49,477.73,2.590,25.575,3.161,20.652
920,45.940,2,keyboard,0.879068,126.20,111.05,569.99,477.58,2.738,25.584,3.154,20.294
920,45.940,1,mouse,0.566160,391.72,63.59,558.16,124.52,2.738,25.584,3.154,20.294
921,45.981,2,keyboard,0.890508,125.62,105.83,569.22,480.00,2.619,25.598,2.899,20.682
921,45.981,1,mouse,0.473944,391.02,61.58,558.10,129.98,2.619,25.598,2.899,20.682
922,46.040,2,keyboard,0.849125,118.90,99.98,556.60,480.00,2.499,25.526,3.281,20.329
922,46.040,1,mouse,0.254181,388.11,53.98,557.84,132.17,2.499,25.526,3.281,20.329
923,46.080,2,keyboard,0.861180,119.51,99.13,564.24,480.00,2.586,25.535,2.871,20.722
923,46.080,1,mouse,0.257592,386.69,55.63,556.43,132.19,2.586,25.535,2.871,20.722
924,46.139,2,keyboard,0.877692,117.52,94.20,553.92,479.19,2.501,25.519,3.180,20.362
925,46.179,2,keyboard,0.874791,122.28,92.97,557.08,479.14,2.511,25.531,2.972,20.788
926,46.240,2,keyboard,0.870407,113.54,100.26,550.61,479.46,2.744,25.543,3.200,20.376
927,46.281,2,keyboard,0.889623,108.45,103.54,549.49,478.30,2.584,25.543,3.206,20.740
927,46.281,1,mouse,0.555653,383.77,59.01,550.20,119.42,2.584,25.543,3.206,20.740
928,46.340,2,keyboard,0.878283,121.19,94.06,551.88,480.00,2.674,25.479,3.274,20.376
928,46.340,1,mouse,0.331094,385.49,52.24,548.55,132.04,2.674,25.479,3.274,20.376
929,46.381,2,keyboard,0.838329,128.46,95.87,569.96,477.57,2.515,25.561,3.083,20.722
930,46.440,2,keyboard,0.879156,124.33,103.28,568.63,479.43,2.501,25.532,3.130,20.387
930,46.440,1,mouse,0.426726,393.38,59.92,559.52,136.84,2.501,25.532,3.130,20.387
931,46.480,2,keyboard,0.873175,124.87,104.59,569.22,479.78,2.563,25.755,2.866,20.751
931,46.480,1,mouse,0.605329,394.70,61.57,558.92,134.06,2.563,25.755,2.866,20.751
932,46.539,2,keyboard,0.894249,132.19,108.56,565.63,480.00,2.520,25.556,3.079,20.389
932,46.539,1,mouse,0.644320,392.78,63.96,557.87,123.99,2.520,25.556,3.079,20.389
933,46.580,2,keyboard,0.870719,126.78,106.81,569.53,479.88,2.544,25.556,3.057,20.801
933,46.580,1,mouse,0.653232,394.06,62.66,558.42,125.97,2.544,25.556,3.057,20.801
934,46.640,2,keyboard,0.882783,125.61,105.69,573.60,479.38,2.586,25.577,3.264,20.392
934,46.640,1,mouse,0.661789,396.49,61.09,562.47,129.72,2.586,25.577,3.264,20.392
935,46.681,2,keyboard,0.878700,121.68,102.24,575.81,479.31,2.522,25.720,3.339,20.727
935,46.681,1,mouse,0.438974,396.32,58.72,562.37,124.35,2.522,25.720,3.339,20.727
936,46.739,2,keyboard,0.886347,124.36,101.91,572.78,480.00,2.504,25.544,3.047,20.403
936,46.739,1,mouse,0.371744,389.53,58.34,558.61,136.48,2.504,25.544,3.047,20.403
937,46.780,2,keyboard,0.846710,126.66,107.83,569.74,477.52,2.563,25.795,2.981,20.782
937,46.780,1,mouse,0.517522,388.05,58.90,556.68,129.68,2.563,25.795,2.981,20.782
938,46.839,2,keyboard,0.873700,118.58,109.53,563.65,477.45,2.493,25.577,3.062,20.407
938,46.839,1,mouse,0.582105,385.55,62.20,552.69,124.90,2.493,25.577,3.062,20.407
939,46.880,2,keyboard,0.842353,121.00,108.06,560.58,477.38,2.576,25.524,3.001,20.801
939,46.880,1,mouse,0.466691,384.81,60.72,549.52,128.11,2.576,25.524,3.001,20.801
940,46.940,2,keyboard,0.887737,123.78,109.57,551.28,477.22,2.789,25.489,3.113,20.403
940,46.940,1,mouse,0.540027,380.83,62.96,545.64,122.03,2.789,25.489,3.113,20.403
941,46.981,2,keyboard,0.878467,111.62,110.48,553.04,477.60,2.530,25.747,2.967,20.747
941,46.981,1,mouse,0.375362,379.86,62.42,541.90,124.30,2.530,25.747,2.967,20.747
942,47.040,2,keyboard,0.893872,110.70,115.14,542.69,479.92,2.521,25.578,3.357,20.403
943,47.080,2,keyboard,0.920360,111.82,115.11,544.59,477.38,2.573,25.833,3.158,20.760
944,47.139,2,keyboard,0.886145,110.53,114.43,544.96,477.91,2.754,25.562,3.256,20.394
945,47.180,2,keyboard,0.898828,107.48,116.03,540.69,480.00,2.604,25.483,2.855,20.803
945,47.180,1,mouse,0.286439,369.28,75.23,534.87,139.67,2.604,25.483,2.855,20.803
946,47.240,2,keyboard,0.883049,103.07,119.10,534.37,479.90,2.762,25.497,3.290,20.408
946,47.240,1,mouse,0.569959,365.78,79.43,530.77,141.60,2.762,25.497,3.290,20.408
947,47.281,2,keyboard,0.865012,102.98,120.38,534.67,477.80,2.520,25.540,3.040,20.756
947,47.281,1,mouse,0.392609,358.59,78.94,528.15,150.07,2.520,25.540,3.040,20.756
948,47.339,2,keyboard,0.857371,100.01,125.73,534.09,477.79,2.553,25.500,3.138,20.425
949,47.379,2,keyboard,0.865707,94.74,129.04,522.93,477.56,2.501,25.539,3.054,20.843
949,47.379,1,mouse,0.521636,352.75,86.67,520.01,160.20,2.501,25.539,3.054,20.843
950,47.440,2,keyboard,0.880031,101.52,127.80,514.99,477.57,2.718,25.520,3.325,20.426
951,47.481,2,keyboard,0.903827,107.88,131.43,514.25,480.00,2.579,25.788,3.155,20.786
951,47.481,1,mouse,0.321413,341.20,86.81,511.54,156.77,2.579,25.788,3.155,20.786
952,47.539,2,keyboard,0.817051,112.74,122.44,496.08,479.77,2.752,25.557,3.123,20.425
953,47.580,2,keyboard,0.845717,116.43,132.06,476.01,479.45,2.632,25.573,3.056,20.819
953,47.580,1,mouse,0.291420,319.80,91.02,487.62,165.40,2.632,25.573,3.056,20.819
954,47.640,2,keyboard,0.762686,107.33,134.76,466.67,479.96,2.510,25.520,3.275,20.436
954,47.640,1,mouse,0.585064,310.20,93.89,476.96,151.68,2.510,25.520,3.275,20.436
955,47.680,2,keyboard,0.796739,106.03,139.21,460.91,478.02,2.545,25.466,3.072,20.799
955,47.680,1,mouse,0.461137,309.14,94.54,481.37,160.50,2.545,25.466,3.072,20.799
956,47.739,2,keyboard,0.881240,94.79,128.72,471.06,480.00,2.719,25.525,3.118,20.429
957,47.780,2,keyboard,0.815883,96.36,143.82,436.90,480.00,2.564,25.572,2.990,20.840
957,47.780,1,mouse,0.317358,292.30,98.19,464.11,163.82,2.564,25.572,2.990,20.840
958,47.840,2,keyboard,0.814208,84.06,126.71,434.33,477.62,2.730,25.569,3.390,20.433
959,47.881,2,keyboard,0.843387,87.76,133.81,437.19,480.00,2.522,25.799,3.232,20.764
959,47.881,1,mouse,0.386010,287.99,91.98,456.87,168.68,2.522,25.799,3.232,20.764
960,47.939,2,keyboard,0.821208,90.54,114.87,443.85,479.56,2.497,25.544,3.188,20.435
961,47.980,2,keyboard,0.855349,102.99,111.83,452.33,479.55,2.628,25.575,2.908,20.822
962,48.043,2,keyboard,0.844780,100.20,81.83,453.51,479.89,2.483,25.566,3.214,20.330
963,48.108,2,keyboard,0.853759,94.86,98.24,445.83,478.40,2.978,25.476,3.425,19.834
964,48.149,2,keyboard,0.791620,87.14,98.93,446.81,478.01,2.593,25.497,2.971,20.292
965,48.208,2,keyboard,0.787864,87.33,45.37,438.53,480.00,2.557,25.584,3.409,19.975
966,48.248,2,keyboard,0.729159,82.22,73.20,435.23,480.00,2.557,25.540,3.217,20.403
967,48.307,2,keyboard,0.871622,60.06,76.58,439.02,480.00,2.728,25.570,3.218,20.064
968,48.348,2,keyboard,0.861964,57.79,68.68,421.36,479.99,2.607,25.744,2.919,20.501
969,48.408,2,keyboard,0.849576,58.49,54.54,406.78,479.13,2.749,25.599,3.102,20.145
970,48.448,2,keyboard,0.830556,58.99,66.60,410.41,479.82,2.559,25.512,2.894,20.563
971,48.507,2,keyboard,0.828482,62.99,47.00,428.42,479.87,2.652,25.578,3.170,20.210
972,48.548,2,keyboard,0.685528,68.66,22.24,469.01,479.30,2.579,25.536,3.016,20.626
973,48.609,2,keyboard,0.842514,85.44,8.38,469.14,478.49,2.529,25.573,3.288,20.244
973,48.609,1,mouse,0.325130,0.21,88.39,46.68,251.57,2.529,25.573,3.288,20.244
974,48.649,2,keyboard,0.809689,96.30,22.59,477.70,476.96,2.552,25.544,3.196,20.609
975,48.709,2,keyboard,0.697147,142.42,68.74,432.62,478.54,2.559,26.078,3.067,20.266
975,48.709,1,mouse,0.687351,570.64,0.00,639.98,66.13,2.559,26.078,3.067,20.266
975,48.709,2,keyboard,0.289404,141.20,73.94,574.93,475.96,2.559,26.078,3.067,20.266
976,48.751,1,mouse,0.759495,569.94,0.00,639.92,65.73,2.514,25.568,3.065,20.597
976,48.751,1,mouse,0.505807,0.21,139.85,41.58,271.62,2.514,25.568,3.065,20.597
976,48.751,2,keyboard,0.499989,148.33,65.57,421.96,472.67,2.514,25.568,3.065,20.597
977,48.807,1,mouse,0.422002,562.07,0.00,640.00,94.22,2.509,25.538,3.174,20.303
978,48.845,,,,,,,,2.553,25.540,1.425,20.861
979,48.908,1,mouse,0.637079,544.12,0.00,640.00,98.34,2.861,25.498,3.258,20.386
980,48.950,1,mouse,0.647145,539.67,0.00,640.00,98.79,2.545,25.725,2.973,20.722
980,48.950,0,bottle,0.329019,317.62,0.01,524.96,89.40,2.545,25.725,2.973,20.722
980,48.950,2,keyboard,0.302904,109.75,73.71,638.69,480.00,2.545,25.725,2.973,20.722
981,49.008,1,mouse,0.425114,533.37,0.00,639.81,80.88,2.662,25.547,3.369,20.374
981,49.008,2,keyboard,0.370727,99.09,70.56,638.71,480.00,2.662,25.547,3.369,20.374
982,49.049,2,keyboard,0.529848,97.67,68.52,635.24,480.00,2.537,25.755,3.262,20.713
983,49.108,2,keyboard,0.498847,94.53,70.30,638.86,474.24,2.482,25.562,3.277,20.381
983,49.108,1,mouse,0.317248,527.89,0.00,639.76,83.40,2.482,25.562,3.277,20.381
984,49.149,2,keyboard,0.412012,96.54,63.59,637.40,475.38,2.537,25.738,3.103,20.708
985,49.206,2,keyboard,0.299316,95.01,50.47,633.58,474.74,2.496,25.528,3.093,20.386
986,49.247,2,keyboard,0.401367,93.56,43.54,634.07,476.18,2.550,25.540,3.035,20.814
987,49.307,2,keyboard,0.557820,87.15,45.88,631.36,478.76,2.518,25.527,3.230,20.403
988,49.347,2,keyboard,0.770746,78.87,48.45,632.46,475.45,2.525,25.536,2.954,20.817
989,49.408,2,keyboard,0.673231,60.42,59.89,634.89,478.17,2.725,25.533,3.120,20.412
989,49.408,1,mouse,0.342845,493.45,0.00,640.00,86.36,2.725,25.533,3.120,20.412
990,49.450,2,keyboard,0.721462,26.21,70.96,634.57,475.47,2.541,25.758,3.281,20.727
990,49.450,2,keyboard,0.371389,493.18,0.00,640.00,99.05,2.541,25.758,3.281,20.727
991,49.507,2,keyboard,0.854525,53.91,72.93,634.17,477.73,2.510,25.525,3.059,20.407
991,49.507,2,keyboard,0.287023,486.78,0.00,640.00,98.24,2.510,25.525,3.059,20.407
992,49.548,2,keyboard,0.819368,7.25,74.83,634.35,476.25,2.687,25.557,2.978,20.792
993,49.608,2,keyboard,0.774362,8.41,82.23,639.21,475.34,2.532,25.501,3.068,20.413
993,49.608,1,mouse,0.338808,486.75,0.00,640.00,127.75,2.532,25.501,3.068,20.413
994,49.649,2,keyboard,0.852519,6.64,85.57,636.19,475.58,2.567,25.505,2.951,20.777
994,49.649,0,bottle,0.440631,91.58,0.97,222.94,96.64,2.567,25.505,2.951,20.777
995,49.708,2,keyboard,0.739637,7.31,83.19,635.96,476.02,2.582,25.479,3.083,20.399
995,49.708,1,mouse,0.413768,487.99,0.00,640.00,128.41,2.582,25.479,3.083,20.399
995,49.708,0,bottle,0.295302,91.28,1.17,228.01,96.58,2.582,25.479,3.083,20.399
996,49.748,2,keyboard,0.823899,9.67,74.58,635.72,475.33,2.588,25.575,2.979,20.798
997,49.807,2,keyboard,0.777737,9.06,71.98,634.76,476.38,2.712,25.562,3.163,20.413
998,49.849,2,keyboard,0.819097,59.53,60.65,635.21,477.30,2.549,25.824,3.175,20.795
998,49.849,1,mouse,0.571247,494.80,0.00,640.00,96.89,2.549,25.824,3.175,20.795
999,49.908,2,keyboard,0.757849,61.51,71.76,636.24,474.35,2.756,25.494,3.196,20.419
1000,49.949,2,keyboard,0.757815,65.90,71.68,636.30,474.37,2.620,25.937,2.870,20.739
1000,49.949,1,mouse,0.271121,502.09,0.00,639.75,118.06,2.620,25.937,2.870,20.739
1000,49.949,2,keyboard,0.265233,503.55,0.00,640.00,116.86,2.620,25.937,2.870,20.739
1001,50.008,2,keyboard,0.763662,60.76,79.39,636.98,474.78,2.494,25.559,3.317,20.401
1001,50.008,1,mouse,0.605542,500.38,0.00,639.97,137.34,2.494,25.559,3.317,20.401
1002,50.048,2,keyboard,0.736206,46.20,84.00,638.09,474.39,2.605,25.521,2.888,20.805
1003,50.107,2,keyboard,0.870594,59.84,97.73,638.07,474.02,2.569,25.504,3.203,20.425
1004,50.147,2,keyboard,0.864866,11.56,92.91,637.00,474.65,2.528,25.530,2.989,20.855
1005,50.209,2,keyboard,0.853546,66.43,88.64,636.54,474.40,2.530,25.524,3.178,20.436
1005,50.209,1,mouse,0.403152,501.25,0.00,640.00,143.37,2.530,25.524,3.178,20.436
1006,50.250,2,keyboard,0.847872,78.91,90.33,635.29,473.67,2.519,25.798,3.320,20.721
1006,50.250,0,bottle,0.317926,112.44,0.38,250.12,98.37,2.519,25.798,3.320,20.721
1006,50.250,1,mouse,0.270198,178.50,95.21,347.56,171.38,2.519,25.798,3.320,20.721
1007,50.308,2,keyboard,0.810902,66.90,90.48,636.10,474.90,2.701,25.532,3.145,20.402
1007,50.308,1,mouse,0.504201,181.62,98.02,351.22,177.00,2.701,25.532,3.145,20.402
1008,50.350,2,keyboard,0.884487,35.63,84.27,636.82,475.53,2.623,25.584,2.973,20.763
1008,50.350,1,mouse,0.840157,517.93,0.00,640.00,138.75,2.623,25.584,2.973,20.763
1008,50.350,1,mouse,0.599750,180.73,96.85,356.71,178.02,2.623,25.584,2.973,20.763
1009,50.407,2,keyboard,0.909252,25.23,85.95,638.86,476.97,2.547,25.504,3.191,20.406
1009,50.407,1,mouse,0.883361,188.52,94.97,357.29,178.63,2.547,25.504,3.191,20.406
1009,50.407,1,mouse,0.863801,518.43,0.00,640.00,125.46,2.547,25.504,3.191,20.406
1010,50.449,2,keyboard,0.890562,4.46,64.65,637.40,478.07,2.572,25.541,2.984,20.788
1010,50.449,1,mouse,0.885489,188.57,94.90,356.08,179.49,2.572,25.541,2.984,20.788
1010,50.449,1,mouse,0.851586,517.55,0.00,640.00,135.00,2.572,25.541,2.984,20.788
1011,50.522,1,mouse,0.925296,191.08,93.11,360.12,184.30,2.858,25.492,3.296,20.112
1011,50.522,2,keyboard,0.856943,24.65,86.39,640.00,478.12,2.858,25.492,3.296,20.112
1012,50.586,1,mouse,0.944286,192.28,92.66,361.51,184.27,2.846,25.441,3.234,19.661
1012,50.586,2,keyboard,0.867802,0.00,201.79,638.54,477.62,2.846,25.441,3.234,19.661
1012,50.586,1,mouse,0.606977,524.65,0.00,640.00,136.79,2.846,25.441,3.234,19.661
1013,50.628,1,mouse,0.936391,195.59,91.50,363.00,182.74,2.559,25.529,3.101,20.004
1013,50.628,2,keyboard,0.767610,0.00,211.33,640.00,474.19,2.559,25.529,3.101,20.004
1014,50.686,1,mouse,0.869587,195.57,86.89,364.62,179.40,2.509,25.487,3.260,19.777
1014,50.686,1,mouse,0.626281,0.12,160.89,637.12,477.07,2.509,25.487,3.260,19.777
1014,50.686,2,keyboard,0.337418,2.24,40.99,633.90,477.70,2.509,25.487,3.260,19.777
1014,50.686,2,keyboard,0.290341,0.62,240.51,640.00,475.23,2.509,25.487,3.260,19.777
1015,50.727,1,mouse,0.940877,196.30,84.28,364.28,178.73,2.479,25.773,2.960,20.109
1015,50.727,2,keyboard,0.360178,0.00,51.73,628.13,477.69,2.479,25.773,2.960,20.109
1016,50.785,1,mouse,0.911540,201.10,83.11,370.72,176.90,2.500,25.560,3.159,19.872
1016,50.785,2,keyboard,0.282503,0.00,186.35,639.32,477.22,2.500,25.560,3.159,19.872
1016,50.785,2,keyboard,0.273756,0.00,328.51,638.46,476.31,2.500,25.560,3.159,19.872
1017,50.827,1,mouse,0.771004,188.80,83.58,372.45,176.92,2.555,25.800,2.973,20.210
1017,50.827,2,keyboard,0.756707,0.09,327.84,640.00,475.39,2.555,25.800,2.973,20.210
1017,50.827,1,mouse,0.450642,534.44,0.00,640.00,125.20,2.555,25.800,2.973,20.210
1017,50.827,2,keyboard,0.444632,0.00,178.23,639.50,477.54,2.555,25.800,2.973,20.210
1018,50.885,1,mouse,0.935829,207.02,79.67,374.41,172.92,2.494,25.542,3.147,19.940
1018,50.885,2,keyboard,0.306011,5.47,238.59,638.55,477.37,2.494,25.542,3.147,19.940
1018,50.885,2,keyboard,0.282377,2.30,322.38,640.00,476.14,2.494,25.542,3.147,19.940
1018,50.885,1,mouse,0.267312,539.56,0.12,640.00,126.64,2.494,25.542,3.147,19.940
1019,50.927,1,mouse,0.937777,205.33,79.28,374.29,172.46,2.482,25.773,2.996,20.296
1019,50.927,1,mouse,0.644920,540.66,0.00,640.00,128.51,2.482,25.773,2.996,20.296
1019,50.927,2,keyboard,0.261512,3.79,238.71,638.23,476.90,2.482,25.773,2.996,20.296
1020,50.984,1,mouse,0.927392,205.58,79.11,375.71,171.16,2.515,25.586,3.091,20.008
1020,50.984,2,keyboard,0.905248,0.20,305.15,640.00,478.06,2.515,25.586,3.091,20.008
1020,50.984,2,keyboard,0.705443,0.79,92.29,636.51,478.82,2.515,25.586,3.091,20.008
1020,50.984,1,mouse,0.693944,539.79,0.00,640.00,127.77,2.515,25.586,3.091,20.008
1021,51.026,1,mouse,0.951182,208.55,78.40,378.95,171.14,2.544,25.532,3.014,20.385
1021,51.026,2,keyboard,0.931857,0.46,303.96,640.00,478.39,2.544,25.532,3.014,20.385
1021,51.026,2,keyboard,0.575983,1.31,217.56,638.44,478.59,2.544,25.532,3.014,20.385
1021,51.026,1,mouse,0.455135,543.46,0.01,640.00,125.11,2.544,25.532,3.014,20.385
1022,51.084,1,mouse,0.928573,216.15,66.28,385.29,159.90,2.489,25.556,3.329,20.080
1022,51.084,2,keyboard,0.925751,1.97,285.03,640.00,478.36,2.489,25.556,3.329,20.080
1023,51.126,2,keyboard,0.904835,0.00,62.25,639.09,477.14,2.594,25.848,3.220,20.432
1023,51.126,2,keyboard,0.746499,0.00,261.78,640.00,477.42,2.594,25.848,3.220,20.432
1023,51.126,1,mouse,0.720879,216.84,58.23,385.18,149.50,2.594,25.848,3.220,20.432
1023,51.126,1,mouse,0.655849,549.31,0.00,640.00,102.98,2.594,25.848,3.220,20.432
1024,51.184,2,keyboard,0.952596,0.83,250.56,636.72,478.75,2.478,25.534,3.207,20.121
1024,51.184,1,mouse,0.850015,201.21,52.62,378.02,149.50,2.478,25.534,3.207,20.121
1024,51.184,1,mouse,0.254204,545.14,0.00,640.00,103.85,2.478,25.534,3.207,20.121
1025,51.227,1,mouse,0.960174,206.17,56.34,374.26,147.62,2.554,25.820,3.083,20.445
1025,51.227,2,keyboard,0.946734,0.00,248.20,639.49,477.70,2.554,25.820,3.083,20.445
1025,51.227,1,mouse,0.460807,542.32,0.00,640.00,101.24,2.554,25.820,3.083,20.445
1026,51.285,2,keyboard,0.943852,0.00,240.27,637.92,478.36,2.500,25.560,3.176,20.140
1026,51.285,1,mouse,0.583981,219.87,52.58,388.97,148.97,2.500,25.560,3.176,20.140
1026,51.285,1,mouse,0.534621,552.76,0.00,640.00,105.84,2.500,25.560,3.176,20.140
1026,51.285,2,keyboard,0.355240,0.00,34.97,638.93,480.00,2.500,25.560,3.176,20.140
1027,51.327,1,mouse,0.926782,222.03,55.06,392.57,149.36,2.490,25.745,3.052,20.477
1027,51.327,2,keyboard,0.887452,0.00,229.23,636.44,478.17,2.490,25.745,3.052,20.477
1027,51.327,2,keyboard,0.885942,0.00,17.77,637.97,479.80,2.490,25.745,3.052,20.477
1028,51.384,2,keyboard,0.933213,0.00,242.23,640.00,476.51,2.500,25.573,3.172,20.176
1028,51.384,1,mouse,0.917264,223.47,75.01,393.79,168.26,2.500,25.573,3.172,20.176
1028,51.384,2,keyboard,0.620498,0.00,42.22,640.00,478.28,2.500,25.573,3.172,20.176
1029,51.427,1,mouse,0.915540,229.02,80.84,393.61,176.57,2.499,25.777,2.989,20.509
1029,51.427,2,keyboard,0.884705,0.50,63.46,640.00,477.65,2.499,25.777,2.989,20.509
1029,51.427,2,keyboard,0.854914,1.64,218.74,638.85,476.38,2.499,25.777,2.989,20.509
1029,51.427,1,mouse,0.252849,0.00,142.25,21.01,327.55,2.499,25.777,2.989,20.509
1030,51.485,2,keyboard,0.938290,2.45,225.02,638.98,477.70,2.647,25.563,3.279,20.190
1030,51.485,1,mouse,0.825553,248.57,87.59,417.06,182.67,2.647,25.563,3.279,20.190
1031,51.527,2,keyboard,0.918176,0.87,177.22,640.00,478.44,2.537,25.537,3.238,20.521
1031,51.527,2,keyboard,0.912016,0.00,45.58,639.47,479.20,2.537,25.537,3.238,20.521
1031,51.527,1,mouse,0.813479,252.86,81.65,420.55,178.20,2.537,25.537,3.238,20.521
1031,51.527,1,mouse,0.528897,578.73,0.00,640.00,90.88,2.537,25.537,3.238,20.521
1032,51.588,2,keyboard,0.905982,4.11,186.63,640.00,476.97,2.500,25.567,3.154,20.108
1032,51.588,1,mouse,0.777091,261.08,81.37,422.25,176.15,2.500,25.567,3.154,20.108
1033,51.653,1,mouse,0.949776,272.19,71.59,437.13,167.22,2.552,25.855,3.444,19.640
1033,51.653,2,keyboard,0.934255,1.73,182.94,640.00,476.89,2.552,25.855,3.444,19.640
1034,51.694,1,mouse,0.955308,275.01,70.68,436.24,164.21,2.592,25.908,3.043,20.044
1034,51.694,2,keyboard,0.947586,0.00,176.91,639.64,476.77,2.592,25.908,3.043,20.044
1035,51.752,1,mouse,0.938544,285.31,52.42,452.25,148.60,2.539,25.534,3.306,19.791
1035,51.752,2,keyboard,0.928642,2.23,120.02,638.53,478.57,2.539,25.534,3.306,19.791
1036,51.793,1,mouse,0.966464,288.39,53.70,454.16,147.89,2.524,25.752,3.046,20.181
1036,51.793,2,keyboard,0.931609,2.42,146.16,639.99,479.36,2.524,25.752,3.046,20.181
1037,51.852,1,mouse,0.944696,288.12,52.38,454.05,147.82,2.523,25.588,3.447,19.891
1037,51.852,2,keyboard,0.942787,3.31,139.59,640.00,478.68,2.523,25.588,3.447,19.891
1038,51.893,1,mouse,0.952406,287.32,54.06,454.61,148.08,2.580,25.584,3.119,20.298
1038,51.893,2,keyboard,0.949887,2.84,136.38,640.00,479.63,2.580,25.584,3.119,20.298
1039,51.951,1,mouse,0.962631,285.39,55.56,452.90,147.87,2.572,25.525,3.115,19.994
1039,51.951,2,keyboard,0.935368,2.12,125.76,638.22,478.14,2.572,25.525,3.115,19.994
1040,51.992,1,mouse,0.955279,287.25,51.79,453.96,146.36,2.567,25.573,3.018,20.413
1040,51.992,2,keyboard,0.936953,2.99,118.39,639.59,477.50,2.567,25.573,3.018,20.413
1041,52.052,2,keyboard,0.937787,0.00,106.34,634.86,478.79,2.636,25.483,3.200,20.072
1041,52.052,1,mouse,0.730975,283.24,50.31,450.75,145.15,2.636,25.483,3.200,20.072
1042,52.092,2,keyboard,0.948807,1.61,108.69,636.40,477.66,2.614,25.576,3.004,20.480
1042,52.092,1,mouse,0.927036,282.66,51.62,445.95,147.48,2.614,25.576,3.004,20.480
1043,52.152,1,mouse,0.971242,272.48,58.89,438.48,148.21,2.632,25.509,3.202,20.136
1043,52.152,2,keyboard,0.929993,0.00,80.43,635.50,477.47,2.632,25.509,3.202,20.136
1044,52.193,1,mouse,0.962951,280.39,57.06,441.65,149.53,2.573,25.506,3.063,20.510
1044,52.193,2,keyboard,0.926433,0.00,39.37,633.07,477.31,2.573,25.506,3.063,20.510
1045,52.251,1,mouse,0.949446,278.98,62.79,442.86,153.66,2.680,25.581,3.435,20.167
1045,52.251,2,keyboard,0.933911,0.00,33.30,636.18,476.95,2.680,25.581,3.435,20.167
1046,52.292,2,keyboard,0.856298,0.00,21.76,640.00,477.20,2.537,25.543,2.959,20.625
1046,52.292,1,mouse,0.656548,285.68,63.87,451.87,155.63,2.537,25.543,2.959,20.625
1047,52.353,2,keyboard,0.942925,3.71,50.13,640.00,478.31,2.870,25.724,3.120,20.233
1047,52.353,1,mouse,0.924254,317.61,67.53,484.95,161.44,2.870,25.724,3.120,20.233
1048,52.395,2,keyboard,0.957467,3.54,71.17,640.00,476.27,2.718,25.734,3.444,20.554
1048,52.395,1,mouse,0.937691,313.60,74.30,478.81,164.32,2.718,25.734,3.444,20.554
1049,52.452,2,keyboard,0.942722,7.01,77.09,640.00,474.85,2.485,25.561,3.275,20.269
1049,52.452,1,mouse,0.865391,316.50,51.79,484.60,139.03,2.485,25.561,3.275,20.269
1050,52.492,2,keyboard,0.923032,5.90,104.34,639.92,477.12,2.585,25.790,2.998,20.645
1050,52.492,1,mouse,0.898045,313.26,48.11,481.43,140.22,2.585,25.790,2.998,20.645
1051,52.552,1,mouse,0.957697,306.30,56.24,473.24,146.88,2.758,25.505,3.232,20.281
1051,52.552,2,keyboard,0.929535,0.64,93.31,640.00,477.26,2.758,25.505,3.232,20.281
1052,52.593,1,mouse,0.957337,305.07,55.71,469.67,147.14,2.514,25.739,3.143,20.636
1052,52.593,2,keyboard,0.928696,0.00,94.87,635.91,476.70,2.514,25.739,3.143,20.636
1053,52.652,2,keyboard,0.938490,0.00,104.36,636.68,476.53,2.524,25.590,3.227,20.306
1053,52.652,1,mouse,0.918062,300.03,50.72,468.64,141.87,2.524,25.590,3.227,20.306
1054,52.692,2,keyboard,0.941862,0.00,104.40,635.07,476.46,2.550,25.492,2.987,20.684
1054,52.692,1,mouse,0.921620,301.50,48.19,470.55,142.66,2.550,25.492,2.987,20.684
1055,52.751,1,mouse,0.928784,300.46,43.54,467.01,134.36,2.711,25.562,3.183,20.319
1055,52.751,2,keyboard,0.926842,3.34,44.50,640.00,470.73,2.711,25.562,3.183,20.319
1056,52.793,1,mouse,0.925506,296.24,44.91,467.68,139.59,2.570,25.601,3.170,20.709
1056,52.793,2,keyboard,0.917468,0.00,96.13,637.36,477.04,2.570,25.601,3.170,20.709
1057,52.852,1,mouse,0.967110,302.64,35.50,468.02,128.07,2.762,25.521,3.109,20.337
1057,52.852,2,keyboard,0.934182,3.59,19.08,638.47,474.31,2.762,25.521,3.109,20.337
1058,52.892,1,mouse,0.972984,304.57,34.08,468.88,129.83,2.592,25.808,2.917,20.738
1058,52.892,2,keyboard,0.915761,0.36,0.00,639.54,473.82,2.592,25.808,2.917,20.738
1059,52.953,2,keyboard,0.921003,0.00,80.83,634.37,477.01,2.780,25.512,3.220,20.360
1059,52.953,1,mouse,0.765209,294.25,32.40,469.54,128.34,2.780,25.512,3.220,20.360
1060,52.993,1,mouse,0.947880,304.43,32.84,470.60,130.08,2.506,25.725,2.991,20.697
1060,52.993,2,keyboard,0.891459,1.07,0.00,639.01,475.82,2.506,25.725,2.991,20.697
1061,53.052,1,mouse,0.943854,302.35,37.71,469.53,129.42,2.527,25.582,3.327,20.364
1061,53.052,2,keyboard,0.936769,0.63,0.00,640.00,474.93,2.527,25.582,3.327,20.364
1062,53.092,1,mouse,0.960373,305.37,33.06,470.05,128.94,2.561,25.555,2.931,20.757
1062,53.092,2,keyboard,0.932250,3.94,4.07,640.00,474.39,2.561,25.555,2.931,20.757
1063,53.152,2,keyboard,0.944302,6.48,11.45,639.82,473.72,2.764,25.549,3.162,20.375
1063,53.152,1,mouse,0.929501,303.76,31.60,472.89,128.03,2.764,25.549,3.162,20.375
1064,53.193,2,keyboard,0.940459,0.00,87.17,637.59,476.97,2.561,25.481,2.915,20.774
1064,53.193,1,mouse,0.919290,299.99,31.28,468.19,127.34,2.561,25.481,2.915,20.774
1065,53.252,2,keyboard,0.935332,0.00,89.65,635.57,476.92,2.701,25.495,3.100,20.399
1065,53.252,1,mouse,0.875283,287.65,41.78,457.54,136.45,2.701,25.495,3.100,20.399
1066,53.292,2,keyboard,0.930296,0.00,69.11,636.90,477.13,2.529,25.747,2.966,20.776
1066,53.292,1,mouse,0.889779,288.64,43.68,456.44,142.48,2.529,25.747,2.966,20.776
1067,53.352,1,mouse,0.932934,290.90,63.54,457.89,157.34,2.764,25.548,3.135,20.399
1067,53.352,2,keyboard,0.923298,0.00,53.95,640.00,477.21,2.764,25.548,3.135,20.399
1068,53.393,2,keyboard,0.925521,0.00,10.66,640.00,477.38,2.558,25.531,3.040,20.761
1068,53.393,1,mouse,0.913381,294.21,67.28,460.79,161.28,2.558,25.531,3.040,20.761
1069,53.452,1,mouse,0.969301,305.79,75.91,469.81,167.48,2.493,25.550,3.538,20.401
1069,53.452,2,keyboard,0.950192,2.39,113.17,640.00,477.84,2.493,25.550,3.538,20.401
1070,53.492,1,mouse,0.966975,307.60,77.55,472.28,171.03,2.537,25.543,3.008,20.792
1070,53.492,2,keyboard,0.962184,3.33,128.08,640.00,478.99,2.537,25.543,3.008,20.792
1071,53.551,2,keyboard,0.943101,2.49,30.62,639.73,479.04,2.762,25.527,3.102,20.412
1071,53.551,1,mouse,0.917577,313.37,70.32,480.54,163.88,2.762,25.527,3.102,20.412
1072,53.592,2,keyboard,0.959983,5.05,70.76,640.00,479.24,2.582,25.565,3.053,20.803
1072,53.592,1,mouse,0.881431,322.66,67.78,488.53,163.23,2.582,25.565,3.053,20.803
1073,53.652,1,mouse,0.968954,334.72,68.14,499.25,161.05,2.730,25.511,3.135,20.419
1073,53.652,2,keyboard,0.958896,12.22,100.98,640.00,476.82,2.730,25.511,3.135,20.419
1074,53.693,2,keyboard,0.959403,22.15,63.49,640.00,477.80,2.591,25.470,3.006,20.815
1074,53.693,1,mouse,0.946111,336.44,71.29,501.56,165.36,2.591,25.470,3.006,20.815
1075,53.752,2,keyboard,0.960269,9.15,132.92,637.32,479.27,2.731,25.563,3.191,20.427
1075,53.752,1,mouse,0.939389,349.20,68.42,518.63,159.80,2.731,25.563,3.191,20.427
1076,53.792,2,keyboard,0.959762,11.07,120.69,639.83,480.00,2.537,25.520,3.024,20.821
1076,53.792,1,mouse,0.958079,355.93,62.36,522.96,155.41,2.537,25.520,3.024,20.821
1077,53.852,1,mouse,0.965676,372.98,58.12,538.24,148.03,2.497,25.553,3.479,20.438
1077,53.852,2,keyboard,0.922535,29.22,144.52,640.00,477.47,2.497,25.553,3.479,20.438
1078,53.892,1,mouse,0.934543,368.16,59.18,535.28,149.65,2.547,25.538,3.087,20.816
1078,53.892,2,keyboard,0.915042,3.45,135.50,639.91,477.93,2.547,25.538,3.087,20.816
1079,53.952,2,keyboard,0.922543,2.28,109.22,640.00,478.59,2.757,25.753,3.185,20.429
1079,53.952,1,mouse,0.880851,353.90,58.88,520.36,149.00,2.757,25.753,3.185,20.429
1080,53.993,2,keyboard,0.912256,0.00,66.52,640.00,476.24,2.594,25.803,2.992,20.809
1080,53.993,1,mouse,0.385630,343.03,55.89,508.47,146.13,2.594,25.803,2.992,20.809
1081,54.050,2,keyboard,0.936296,0.00,79.02,628.82,477.57,2.712,25.525,3.214,20.437
1081,54.050,1,mouse,0.791705,316.96,34.99,485.42,120.40,2.712,25.525,3.214,20.437
1082,54.092,2,keyboard,0.932423,0.00,73.70,636.49,473.64,2.504,25.763,2.999,20.901
1082,54.092,1,mouse,0.909900,307.73,10.14,480.19,102.91,2.504,25.763,2.999,20.901
1083,54.152,1,mouse,0.935253,302.13,11.74,476.34,101.41,2.736,25.512,3.253,20.471
1083,54.152,2,keyboard,0.934808,0.00,46.26,628.55,477.89,2.736,25.512,3.253,20.471
1084,54.193,2,keyboard,0.909712,0.00,25.72,632.42,477.91,2.549,25.721,3.052,20.817
1084,54.193,1,mouse,0.331123,301.49,6.08,486.36,98.45,2.549,25.721,3.052,20.817
1085,54.252,2,keyboard,0.909456,0.00,29.29,634.14,476.96,2.612,25.563,3.505,20.450
1085,54.252,1,mouse,0.762351,312.57,0.00,488.82,91.15,2.612,25.563,3.505,20.450
1086,54.294,2,keyboard,0.920349,0.00,53.43,627.59,477.08,2.558,25.787,2.976,20.829
1086,54.294,1,mouse,0.782508,304.85,40.73,470.28,128.71,2.558,25.787,2.976,20.829
1087,54.356,2,keyboard,0.456607,0.00,112.08,629.61,472.52,2.501,25.562,3.395,20.347
1087,54.356,1,mouse,0.410056,293.89,121.91,457.40,175.19,2.501,25.562,3.395,20.347
1088,54.422,2,keyboard,0.957610,0.00,105.52,635.76,476.86,2.773,26.771,3.388,19.841
1089,54.463,2,keyboard,0.911650,0.00,64.28,636.26,478.09,2.691,25.534,3.142,20.237
1089,54.463,1,mouse,0.331168,328.02,9.92,500.43,96.06,2.691,25.534,3.142,20.237
1090,54.520,2,keyboard,0.894985,0.00,0.00,639.70,479.46,2.557,25.544,3.169,19.992
1090,54.520,1,mouse,0.389437,0.00,0.00,639.65,451.92,2.557,25.544,3.169,19.992
1091,54.561,2,keyboard,0.936359,0.00,29.02,634.19,480.00,2.539,25.529,3.002,20.406
1091,54.561,1,mouse,0.350301,278.79,4.26,448.02,91.41,2.539,25.529,3.002,20.406
1092,54.620,2,keyboard,0.851708,0.00,52.34,630.83,478.38,2.748,25.493,3.230,20.065
1093,54.659,2,keyboard,0.923529,0.00,0.00,633.77,480.00,2.569,25.536,2.899,20.485
1093,54.659,1,mouse,0.842808,283.85,48.97,454.82,117.99,2.569,25.536,2.899,20.485
1094,54.720,2,keyboard,0.804499,0.00,0.00,639.97,478.78,2.783,25.512,3.451,20.120
1094,54.720,1,mouse,0.498962,319.61,35.67,483.74,115.46,2.783,25.512,3.451,20.120
1095,54.762,2,keyboard,0.904403,8.79,77.53,635.04,480.00,2.524,25.762,3.215,20.509
1095,54.762,1,mouse,0.735334,331.58,22.20,502.43,105.43,2.524,25.762,3.215,20.509
1096,54.821,2,keyboard,0.948711,4.34,59.69,635.35,473.16,2.513,25.640,3.122,20.198
1096,54.821,1,mouse,0.935701,341.03,1.98,510.37,92.07,2.513,25.640,3.122,20.198
1097,54.862,2,keyboard,0.920241,13.19,79.62,634.62,478.30,2.573,25.781,3.005,20.524
1097,54.862,1,mouse,0.830536,343.41,0.14,515.80,89.15,2.573,25.781,3.005,20.524
1098,54.919,2,keyboard,0.786861,5.67,36.17,639.00,479.53,2.510,25.607,2.995,20.218
1098,54.919,1,mouse,0.284521,0.00,12.51,149.22,477.68,2.510,25.607,2.995,20.218
1099,54.960,2,keyboard,0.901666,61.55,71.95,635.18,477.75,2.596,25.533,2.969,20.638
1099,54.960,1,mouse,0.531982,404.53,15.47,568.29,104.31,2.596,25.533,2.969,20.638
1100,55.020,2,keyboard,0.967578,97.58,112.13,635.79,478.42,2.607,25.566,3.243,20.258
1100,55.020,1,mouse,0.728397,415.72,22.16,586.32,110.00,2.607,25.566,3.243,20.258
1101,55.061,2,keyboard,0.917822,98.38,71.36,633.77,478.41,2.590,25.525,2.988,20.645
1101,55.061,1,mouse,0.681290,414.86,15.98,584.68,106.50,2.590,25.525,2.988,20.645
1102,55.121,1,mouse,0.964502,400.02,46.82,564.69,133.65,2.581,25.518,3.312,20.284
1102,55.121,2,keyboard,0.953879,71.18,127.76,640.00,479.68,2.581,25.518,3.312,20.284
1103,55.162,2,keyboard,0.952209,83.15,83.44,635.25,477.16,2.506,25.781,3.151,20.607
1103,55.162,1,mouse,0.802672,405.91,43.55,571.88,119.99,2.506,25.781,3.151,20.607
1104,55.220,2,keyboard,0.919524,48.23,75.80,640.00,474.53,2.507,25.623,3.114,20.298
1104,55.220,1,mouse,0.711610,378.20,11.80,547.86,94.86,2.507,25.623,3.114,20.298
1105,55.261,2,keyboard,0.927716,47.55,47.99,640.00,472.24,2.583,25.757,3.043,20.665
1105,55.261,1,mouse,0.595550,376.43,0.00,545.99,87.87,2.583,25.757,3.043,20.665
1106,55.320,1,mouse,0.932202,371.25,0.00,535.49,86.21,2.783,25.548,3.128,20.301
1106,55.320,2,keyboard,0.929023,9.01,36.10,634.98,475.13,2.783,25.548,3.128,20.301
1107,55.362,2,keyboard,0.955804,5.49,77.82,635.67,477.25,2.509,25.541,3.106,20.653
1107,55.362,1,mouse,0.919926,377.33,0.00,545.99,86.57,2.509,25.541,3.106,20.653
1108,55.420,1,mouse,0.964133,372.88,9.60,541.15,97.72,2.614,25.767,3.172,20.307
1108,55.420,2,keyboard,0.902046,23.87,77.43,635.90,477.62,2.614,25.767,3.172,20.307
1109,55.461,1,mouse,0.977792,369.59,9.36,534.96,97.38,2.724,25.899,3.033,20.649
1109,55.461,2,keyboard,0.903983,12.37,76.83,634.71,479.02,2.724,25.899,3.033,20.649
1110,55.521,2,keyboard,0.951922,21.41,78.67,638.32,480.00,2.644,25.574,3.277,20.311
1110,55.521,1,mouse,0.922460,356.49,5.27,526.19,96.46,2.644,25.574,3.277,20.311
1111,55.562,2,keyboard,0.941829,15.92,78.17,637.52,480.00,2.543,25.532,3.173,20.656
1111,55.562,1,mouse,0.647401,348.14,3.93,521.89,96.22,2.543,25.532,3.173,20.656
1112,55.620,2,keyboard,0.929277,20.47,83.84,635.95,480.00,2.516,25.610,3.151,20.334
1112,55.620,1,mouse,0.910589,347.87,11.23,518.54,99.44,2.516,25.610,3.151,20.334
1113,55.661,2,keyboard,0.938749,10.35,91.30,637.43,480.00,2.582,25.770,2.850,20.713
1113,55.661,1,mouse,0.936553,350.65,14.38,519.83,103.63,2.582,25.770,2.850,20.713
1114,55.721,2,keyboard,0.911589,0.00,68.03,639.77,477.62,2.767,25.528,3.176,20.339
1114,55.721,1,mouse,0.700022,344.64,21.23,516.82,114.73,2.767,25.528,3.176,20.339
1115,55.763,2,keyboard,0.920794,0.00,85.69,639.83,477.46,2.501,25.507,3.094,20.640
1115,55.763,1,mouse,0.851112,339.40,23.46,508.80,115.53,2.501,25.507,3.094,20.640
1116,55.820,1,mouse,0.944678,335.73,29.22,504.43,118.14,2.572,25.660,3.158,20.333
1116,55.820,2,keyboard,0.913948,0.00,78.56,639.79,477.40,2.572,25.660,3.158,20.333
1117,55.861,1,mouse,0.953360,336.21,30.46,502.90,119.63,2.496,25.556,2.878,20.697
1117,55.861,2,keyboard,0.923811,0.00,83.89,638.43,477.38,2.496,25.556,2.878,20.697
1118,55.920,1,mouse,0.938961,336.84,29.91,505.54,118.59,2.510,25.599,3.266,20.347
1118,55.920,2,keyboard,0.909432,0.00,73.79,638.74,477.59,2.510,25.599,3.266,20.347
1119,55.961,1,mouse,0.942214,332.97,30.45,501.33,118.51,2.560,25.821,3.211,20.698
1119,55.961,2,keyboard,0.927297,0.00,84.95,639.23,477.40,2.560,25.821,3.211,20.698
1120,56.020,2,keyboard,0.935194,0.00,77.80,639.72,477.58,2.502,25.558,3.152,20.354
1120,56.020,1,mouse,0.758937,329.85,22.20,501.91,112.99,2.502,25.558,3.152,20.354
1121,56.061,2,keyboard,0.938246,0.00,81.01,637.78,477.41,2.563,25.768,2.938,20.689
1121,56.061,1,mouse,0.663599,320.33,21.23,490.82,113.85,2.563,25.768,2.938,20.689
1122,56.120,1,mouse,0.932545,317.38,28.25,487.29,117.91,2.519,25.599,3.232,20.343
1122,56.120,2,keyboard,0.932305,0.00,74.24,639.31,477.32,2.519,25.599,3.232,20.343
1123,56.161,2,keyboard,0.928684,0.00,93.48,635.58,477.34,2.590,25.770,2.909,20.712
1123,56.161,1,mouse,0.895119,314.41,30.87,484.51,120.05,2.590,25.770,2.909,20.712
1124,56.220,1,mouse,0.946322,313.41,33.70,484.27,125.77,2.536,25.589,3.300,20.352
1124,56.220,2,keyboard,0.929562,0.00,97.38,637.55,477.38,2.536,25.589,3.300,20.352
1125,56.261,2,keyboard,0.931364,0.00,87.69,637.54,477.31,2.601,25.586,3.022,20.734
1125,56.261,1,mouse,0.881505,310.25,35.90,485.77,122.99,2.601,25.586,3.022,20.734
1126,56.321,1,mouse,0.951924,306.27,40.52,473.84,132.83,2.744,25.597,3.294,20.350
1126,56.321,2,keyboard,0.928884,0.00,110.88,639.44,476.36,2.744,25.597,3.294,20.350
1127,56.362,2,keyboard,0.924600,0.00,102.58,637.33,477.39,2.526,25.803,3.347,20.679
1127,56.362,1,mouse,0.914498,305.18,42.49,473.41,133.56,2.526,25.803,3.347,20.679
1128,56.419,2,keyboard,0.931929,0.00,100.48,635.59,477.41,2.506,25.550,3.156,20.368
1128,56.419,1,mouse,0.858724,304.12,41.51,470.65,132.43,2.506,25.550,3.156,20.368
1129,56.461,1,mouse,0.935997,303.63,43.97,470.72,133.08,2.656,25.775,2.880,20.737
1129,56.461,2,keyboard,0.932324,0.00,109.88,639.96,476.55,2.656,25.775,2.880,20.737
1130,56.520,2,keyboard,0.927511,0.00,102.28,635.69,477.35,2.742,25.559,3.234,20.357
1130,56.520,1,mouse,0.806273,303.70,41.90,469.33,132.14,2.742,25.559,3.234,20.357
1131,56.562,1,mouse,0.950936,303.85,44.92,471.79,133.97,2.534,25.512,3.115,20.711
1131,56.562,2,keyboard,0.945711,0.00,115.21,640.00,475.97,2.534,25.512,3.115,20.711
1132,56.620,1,mouse,0.930443,303.04,46.96,469.61,136.00,2.634,25.624,3.302,20.359
1132,56.620,2,keyboard,0.909343,0.00,84.90,640.00,475.22,2.634,25.624,3.302,20.359
1133,56.662,1,mouse,0.930744,303.39,47.05,469.98,137.31,2.529,25.545,3.027,20.730
1133,56.662,1,mouse,0.490095,0.00,106.58,640.00,473.63,2.529,25.545,3.027,20.730
1133,56.662,2,keyboard,0.321045,0.00,112.95,638.26,473.89,2.529,25.545,3.027,20.730
1134,56.721,1,mouse,0.934658,304.40,45.04,470.54,133.91,2.512,25.600,3.050,20.379
1134,56.721,2,keyboard,0.425962,447.41,104.15,639.89,430.88,2.512,25.600,3.050,20.379
1134,56.721,2,keyboard,0.258906,0.00,66.79,635.21,469.19,2.512,25.600,3.050,20.379
1135,56.764,1,mouse,0.936650,305.79,44.50,470.32,133.70,2.513,25.756,3.278,20.637
1135,56.764,2,keyboard,0.692324,478.29,103.36,639.38,423.53,2.513,25.756,3.278,20.637
1135,56.764,2,keyboard,0.417996,501.55,380.63,640.00,479.56,2.513,25.756,3.278,20.637
1136,56.820,2,keyboard,0.919262,459.07,102.34,640.00,433.34,2.491,25.604,3.218,20.350
1136,56.820,1,mouse,0.693468,303.94,47.56,469.53,138.21,2.491,25.604,3.218,20.350
1137,56.864,1,mouse,0.929093,303.69,48.76,469.79,135.16,2.546,25.770,2.968,20.590
1137,56.864,2,keyboard,0.925556,443.05,106.97,639.31,436.37,2.546,25.770,2.968,20.590
1138,56.934,1,mouse,0.970976,305.52,46.05,470.78,131.21,3.030,25.569,3.212,19.972
1138,56.934,2,keyboard,0.926209,419.10,99.29,639.43,435.90,3.030,25.569,3.212,19.972
1139,57.000,1,mouse,0.966614,311.07,38.34,476.43,120.58,2.800,26.256,3.583,19.528
1139,57.000,2,keyboard,0.920672,393.65,96.50,639.56,449.70,2.800,26.256,3.583,19.528
1140,57.041,2,keyboard,0.922628,380.19,98.77,639.17,447.87,2.687,25.517,3.082,19.845
1140,57.041,1,mouse,0.796604,311.26,41.13,480.90,127.17,2.687,25.517,3.082,19.845
1141,57.095,1,mouse,0.917154,314.12,41.30,480.14,128.12,2.552,25.499,3.145,19.708
1141,57.095,2,keyboard,0.884623,354.84,99.82,638.70,456.07,2.552,25.499,3.145,19.708
1142,57.136,1,mouse,0.919153,308.91,41.65,476.57,129.01,2.548,25.535,3.052,20.177
1142,57.136,2,keyboard,0.898495,342.11,97.61,639.82,437.07,2.548,25.535,3.052,20.177
1143,57.197,1,mouse,0.937594,306.06,40.36,470.56,128.58,2.786,25.503,3.320,19.828
1143,57.197,2,keyboard,0.935398,311.99,98.83,640.00,451.93,2.786,25.503,3.320,19.828
1143,57.197,1,mouse,0.270047,235.69,184.41,280.48,278.84,2.786,25.503,3.320,19.828
1144,57.239,1,mouse,0.958204,304.56,44.45,469.14,130.37,2.539,25.593,3.185,20.213
1144,57.239,2,keyboard,0.927649,311.76,99.70,640.00,443.28,2.539,25.593,3.185,20.213
1144,57.239,1,mouse,0.533518,230.21,184.10,269.87,269.38,2.539,25.593,3.185,20.213
1145,57.296,2,keyboard,0.944799,285.40,101.86,640.00,456.71,2.509,25.538,3.400,19.938
1145,57.296,1,mouse,0.911916,296.18,46.06,466.75,133.88,2.509,25.538,3.400,19.938
1145,57.296,1,mouse,0.584085,0.00,229.09,104.09,479.70,2.509,25.538,3.400,19.938
1146,57.337,1,mouse,0.911370,294.19,49.00,462.39,139.85,2.596,25.556,2.947,20.371
1146,57.337,2,keyboard,0.897723,285.45,103.77,639.42,453.40,2.596,25.556,2.947,20.371
1147,57.395,2,keyboard,0.901384,280.57,102.65,639.32,453.79,2.506,25.526,3.210,20.046
1147,57.395,1,mouse,0.901172,287.63,47.28,456.56,135.80,2.506,25.526,3.210,20.046
1148,57.437,1,mouse,0.936781,287.04,45.37,456.24,132.59,2.573,26.004,2.977,20.425
1148,57.437,2,keyboard,0.926183,279.94,100.65,640.00,459.01,2.573,26.004,2.977,20.425
1148,57.437,1,mouse,0.273587,0.00,212.48,90.66,477.93,2.573,26.004,2.977,20.425
1149,57.496,2,keyboard,0.951416,276.50,101.25,640.00,457.31,2.784,25.554,3.257,20.078
1149,57.496,1,mouse,0.913014,288.84,46.12,459.16,132.51,2.784,25.554,3.257,20.078
1149,57.496,1,mouse,0.866585,0.00,254.21,84.05,475.71,2.784,25.554,3.257,20.078
1150,57.538,2,keyboard,0.956512,278.30,100.56,640.00,462.03,2.512,25.518,3.030,20.473
1150,57.538,1,mouse,0.947901,291.51,43.21,461.71,129.33,2.512,25.518,3.030,20.473
1150,57.538,1,mouse,0.618386,0.00,239.29,83.22,478.27,2.512,25.518,3.030,20.473
1150,57.538,1,mouse,0.345792,204.14,173.14,255.43,253.51,2.512,25.518,3.030,20.473
1151,57.596,2,keyboard,0.940506,288.00,105.18,640.00,458.00,2.483,25.550,3.288,20.160
1151,57.596,1,mouse,0.893586,295.71,46.54,466.70,133.80,2.483,25.550,3.288,20.160
1152,57.637,1,mouse,0.926263,296.48,46.94,467.57,134.49,2.568,25.571,3.364,20.537
1152,57.637,2,keyboard,0.915627,294.65,104.30,640.00,457.75,2.568,25.571,3.364,20.537
1153,57.697,2,keyboard,0.915785,289.65,108.17,638.76,459.28,2.681,26.879,3.166,20.160
1153,57.697,1,mouse,0.900095,293.00,59.04,460.26,145.34,2.681,26.879,3.166,20.160
1154,57.738,1,mouse,0.932878,291.81,59.33,460.04,145.61,2.572,25.770,3.077,20.554
1154,57.738,2,keyboard,0.920438,291.77,113.46,639.46,458.42,2.572,25.770,3.077,20.554
1155,57.795,2,keyboard,0.914397,297.10,107.33,638.73,463.42,2.501,25.531,3.196,20.254
1155,57.795,1,mouse,0.761809,294.06,52.91,464.89,142.76,2.501,25.531,3.196,20.254
1156,57.836,2,keyboard,0.906583,303.87,105.20,638.65,464.46,2.548,25.524,2.990,20.671
1156,57.836,1,mouse,0.878963,296.18,46.88,467.21,133.87,2.548,25.524,2.990,20.671
1157,57.901,1,mouse,0.926921,293.29,40.70,464.54,131.03,2.727,25.898,3.142,20.172
1157,57.901,2,keyboard,0.912181,318.88,109.98,639.11,471.35,2.727,25.898,3.142,20.172
1157,57.901,1,mouse,0.429456,0.05,237.10,112.24,474.88,2.727,25.898,3.142,20.172
1158,57.965,1,mouse,0.866253,296.77,45.37,470.94,133.84,2.548,25.480,3.622,19.722
1158,57.965,2,keyboard,0.828731,335.89,112.61,638.57,474.58,2.548,25.480,3.622,19.722
1158,57.965,1,mouse,0.316318,0.15,248.86,141.04,473.99,2.548,25.480,3.622,19.722
1159,58.006,1,mouse,0.898659,301.12,49.05,469.82,137.05,2.578,25.745,3.193,20.086
1159,58.006,2,keyboard,0.597427,343.62,112.55,639.61,473.74,2.578,25.745,3.193,20.086
1160,58.064,1,mouse,0.907565,301.62,51.95,470.16,140.14,2.513,25.553,3.135,19.846
1160,58.064,2,keyboard,0.389171,291.64,122.49,639.88,474.74,2.513,25.553,3.135,19.846
1161,58.106,1,mouse,0.908222,296.66,52.04,469.48,142.14,2.560,25.515,3.073,20.231
1161,58.106,2,keyboard,0.896320,300.04,124.47,638.96,476.78,2.560,25.515,3.073,20.231
1161,58.106,1,mouse,0.383104,0.06,295.15,103.66,476.87,2.560,25.515,3.073,20.231
1162,58.165,1,mouse,0.912372,292.79,55.96,465.68,145.39,2.682,25.529,3.145,19.910
1162,58.165,2,keyboard,0.869216,255.72,129.42,638.98,478.44,2.682,25.529,3.145,19.910
1162,58.165,2,keyboard,0.765331,257.40,135.94,638.56,353.46,2.682,25.529,3.145,19.910
1162,58.165,2,keyboard,0.705536,207.07,322.12,636.76,476.04,2.682,25.529,3.145,19.910
1162,58.165,1,mouse,0.299149,0.06,302.50,42.60,473.21,2.682,25.529,3.145,19.910
1163,58.207,1,mouse,0.962178,289.24,60.59,460.45,149.28,2.514,25.592,3.012,20.259
1163,58.207,2,keyboard,0.782945,207.97,152.50,640.00,478.24,2.514,25.592,3.012,20.259
1163,58.207,2,keyboard,0.610593,207.80,277.87,640.00,477.21,2.514,25.592,3.012,20.259
1163,58.207,2,keyboard,0.473122,237.02,136.49,638.33,357.16,2.514,25.592,3.012,20.259
1164,58.264,1,mouse,0.973913,287.71,62.28,460.05,151.97,2.528,25.589,3.240,19.998
1164,58.264,2,keyboard,0.365901,181.24,143.51,640.00,476.48,2.528,25.589,3.240,19.998
1164,58.264,1,mouse,0.365106,0.22,65.08,56.60,300.23,2.528,25.589,3.240,19.998
1165,58.305,1,mouse,0.961522,288.93,61.60,462.19,151.87,2.497,25.534,3.043,20.391
1165,58.305,2,keyboard,0.690708,239.88,134.04,638.70,478.29,2.497,25.534,3.043,20.391
1165,58.305,1,mouse,0.270911,0.16,79.41,57.63,312.00,2.497,25.534,3.043,20.391
1166,58.364,1,mouse,0.868580,297.60,56.84,470.28,144.82,2.484,25.591,3.436,20.074
1166,58.364,2,keyboard,0.754431,252.32,129.15,638.51,477.42,2.484,25.591,3.436,20.074
1167,58.406,1,mouse,0.943466,0.00,306.42,85.54,477.36,2.555,25.537,3.068,20.466
1167,58.406,1,mouse,0.885218,300.39,48.13,478.84,138.00,2.555,25.537,3.068,20.466
1167,58.406,2,keyboard,0.687241,252.37,136.88,640.00,475.24,2.555,25.537,3.068,20.466
1168,58.464,1,mouse,0.934263,306.00,55.99,479.99,144.81,2.694,25.569,3.219,20.130
1168,58.464,2,keyboard,0.833563,237.21,138.48,640.00,476.95,2.694,25.569,3.219,20.130
1169,58.505,1,mouse,0.940548,306.64,61.81,476.59,149.75,2.553,25.572,3.140,20.535
1169,58.505,2,keyboard,0.838155,226.44,135.87,638.53,477.34,2.553,25.572,3.140,20.535
1170,58.565,1,mouse,0.963640,299.37,62.28,470.57,151.86,2.714,25.541,3.270,20.184
1170,58.565,2,keyboard,0.685662,208.67,142.23,640.00,477.10,2.714,25.541,3.270,20.184
1171,58.606,1,mouse,0.972158,299.96,62.68,469.50,150.97,2.654,25.531,2.999,20.534
1171,58.606,2,keyboard,0.686415,206.52,133.62,640.00,476.47,2.654,25.531,2.999,20.534
1172,58.663,1,mouse,0.956996,299.22,58.73,470.35,147.37,2.533,25.545,3.203,20.225
1173,58.703,1,mouse,0.940950,297.63,63.10,467.33,153.43,2.537,25.546,2.988,20.639
1174,58.763,1,mouse,0.830609,292.89,80.71,464.65,169.90,2.620,25.569,3.242,20.260
1174,58.763,1,mouse,0.299788,0.23,89.48,61.99,459.43,2.620,25.569,3.242,20.260
1175,58.804,1,mouse,0.662843,285.71,86.24,459.43,176.88,2.526,25.532,3.011,20.704
1176,58.865,1,mouse,0.969206,288.60,90.21,458.17,179.86,2.573,25.529,3.204,20.309
1176,58.865,2,keyboard,0.621081,310.43,186.78,640.00,475.04,2.573,25.529,3.204,20.309
1176,58.865,1,mouse,0.516597,0.00,107.07,75.53,462.89,2.573,25.529,3.204,20.309
1177,58.907,1,mouse,0.898282,285.77,86.45,456.16,178.39,2.532,25.773,3.321,20.593
1177,58.907,2,keyboard,0.403372,306.08,182.05,640.00,475.63,2.532,25.773,3.321,20.593
1177,58.907,1,mouse,0.323652,0.23,88.16,57.68,448.10,2.532,25.773,3.321,20.593
1178,58.963,1,mouse,0.902422,265.44,80.17,439.03,171.91,2.490,25.590,3.167,20.311
1178,58.963,1,mouse,0.287857,0.02,113.10,44.31,442.80,2.490,25.590,3.167,20.311
1179,59.004,1,mouse,0.895655,262.36,79.33,433.73,171.23,2.597,25.548,2.989,20.722
1180,59.064,1,mouse,0.671234,245.05,82.62,419.06,175.06,2.759,25.484,3.284,20.336
1181,59.103,1,mouse,0.338638,236.81,80.19,409.93,175.40,2.584,25.516,2.932,20.763
1182,59.164,1,mouse,0.711052,233.73,70.09,403.89,160.66,2.639,25.509,3.448,20.373
1183,59.205,1,mouse,0.912151,233.79,67.62,403.19,159.60,2.549,25.554,3.051,20.736
1184,59.265,1,mouse,0.623719,568.29,0.13,640.00,140.29,2.608,25.559,3.325,20.361
1184,59.265,1,mouse,0.593791,9.72,47.05,640.00,469.34,2.608,25.559,3.325,20.361
1184,59.265,1,mouse,0.567171,200.14,63.06,398.34,155.25,2.608,25.559,3.325,20.361
1185,59.307,1,mouse,0.649973,211.62,72.11,390.16,164.68,2.520,25.742,3.264,20.670
1185,59.307,1,mouse,0.510930,12.06,65.40,635.26,470.52,2.520,25.742,3.264,20.670
1186,59.364,1,mouse,0.757116,214.69,84.65,381.21,177.30,2.625,25.546,3.135,20.366
1186,59.364,1,mouse,0.680886,0.52,70.87,634.48,470.64,2.625,25.546,3.135,20.366
1187,59.405,1,mouse,0.677633,208.90,92.48,378.83,183.35,2.549,25.550,2.963,20.744
1187,59.405,1,mouse,0.280616,6.17,81.87,628.88,470.17,2.549,25.550,2.963,20.744
1188,59.463,1,mouse,0.588541,210.62,106.06,381.75,197.67,2.602,25.581,3.119,20.383
1189,59.504,1,mouse,0.881096,219.72,98.00,387.08,185.57,2.591,25.705,2.950,20.792
1190,59.564,1,mouse,0.886317,219.07,88.51,391.85,181.45,2.812,25.534,3.323,20.387
1191,59.604,1,mouse,0.879812,225.29,90.11,397.53,183.16,2.559,25.494,2.936,20.795
1192,59.663,1,mouse,0.882659,239.77,105.10,411.27,197.19,2.576,25.537,3.196,20.419
1193,59.705,1,mouse,0.903260,251.70,110.93,423.35,200.08,3.269,25.544,3.203,20.786
1194,59.764,1,mouse,0.923535,270.71,118.08,436.55,207.95,2.741,25.495,3.266,20.406
1194,59.764,1,mouse,0.329068,0.09,108.60,48.87,463.38,2.741,25.495,3.266,20.406
1195,59.806,1,mouse,0.949178,273.48,118.75,441.80,208.86,2.651,25.540,3.015,20.770
1196,59.863,1,mouse,0.946345,287.95,116.76,456.77,204.85,2.489,25.486,3.206,20.427
1197,59.903,1,mouse,0.952944,293.17,118.87,460.20,208.09,2.541,25.756,2.957,20.839
1198,59.963,1,mouse,0.933623,302.08,116.63,468.70,204.16,2.723,25.532,3.199,20.429
1199,60.003,1,mouse,0.940961,307.82,116.42,473.38,204.07,2.574,25.513,2.988,20.859
1200,60.063,1,mouse,0.937376,316.53,120.56,482.20,208.91,2.584,25.539,3.222,20.454
1201,60.104,1,mouse,0.962938,319.37,124.48,486.90,211.14,2.553,25.520,3.236,20.842
1202,60.164,1,mouse,0.981967,333.08,128.42,496.88,214.53,2.735,25.551,3.338,20.447
1203,60.204,1,mouse,0.980115,337.30,131.22,499.46,216.17,2.561,25.491,2.968,20.860
1204,60.264,1,mouse,0.951482,351.91,131.80,513.40,215.83,2.753,25.498,3.079,20.463
1204,60.264,2,keyboard,0.331737,0.03,75.04,124.07,428.88,2.753,25.498,3.079,20.463
1205,60.305,1,mouse,0.950763,350.35,135.93,512.97,220.43,2.491,25.512,2.995,20.816
1206,60.363,1,mouse,0.921089,337.75,153.26,503.02,237.54,2.494,25.526,3.262,20.466
1207,60.403,1,mouse,0.976865,336.64,163.24,496.71,245.79,2.540,25.551,2.985,20.873
1208,60.463,1,mouse,0.930711,309.11,190.38,473.59,275.13,2.645,25.549,3.163,20.464
1209,60.504,1,mouse,0.961584,297.83,205.03,459.91,288.70,2.577,25.741,3.146,20.838
1210,60.564,1,mouse,0.953057,260.89,231.69,428.80,315.42,2.757,25.513,3.200,20.453
1211,60.604,1,mouse,0.923933,252.14,239.72,416.45,326.53,2.620,25.601,2.945,20.843
1212,60.676,1,mouse,0.950156,222.79,261.84,391.69,344.80,2.527,25.561,3.396,20.169
1213,60.740,1,mouse,0.941038,212.17,274.62,375.24,359.91,3.084,26.007,3.395,19.681
1214,60.782,1,mouse,0.956502,209.38,285.44,374.72,371.67,2.619,25.567,3.135,20.170
1215,60.839,1,mouse,0.928012,216.75,273.84,389.21,361.40,2.513,25.478,3.213,19.884
1216,60.879,1,mouse,0.940030,224.98,269.99,390.14,359.09,2.561,25.553,3.037,20.367
1217,60.940,1,mouse,0.961549,241.75,261.39,403.46,348.82,2.712,25.547,3.266,19.995
1218,60.980,1,mouse,0.974186,242.31,257.88,407.39,350.92,2.564,25.548,3.196,20.429
1219,61.039,1,mouse,0.898736,283.24,274.54,443.16,370.63,2.727,25.567,3.135,20.097
1220,61.077,,,,,,,,2.779,25.737,1.453,20.650
1221,61.140,1,mouse,0.512290,0.00,96.91,39.71,314.88,2.925,25.520,3.267,20.213
1222,61.180,1,mouse,0.801933,0.00,5.79,85.32,475.24,2.561,25.517,2.952,20.616
1223,61.239,1,mouse,0.689702,0.69,0.00,182.17,437.14,2.538,25.527,3.253,20.268
1223,61.239,1,mouse,0.467947,0.00,375.85,137.59,476.60,2.538,25.527,3.253,20.268
1224,61.279,1,mouse,0.500535,0.09,0.00,217.29,445.62,2.642,25.550,3.022,20.689
1225,61.338,1,mouse,0.681630,1.10,0.00,273.07,475.49,2.655,25.535,3.222,20.308
1226,61.377,1,mouse,0.429951,360.02,123.73,469.96,387.63,2.541,25.533,3.352,20.826
1226,61.377,1,mouse,0.370976,0.83,0.00,294.36,475.72,2.541,25.533,3.352,20.826
1227,61.443,1,mouse,0.590402,0.00,0.00,315.32,478.25,2.569,25.527,3.253,20.296
1228,61.507,1,mouse,0.448496,0.00,0.00,311.95,478.50,2.828,26.734,3.417,19.783
1229,61.545,1,mouse,0.318196,0.00,0.00,306.01,476.33,2.582,25.501,3.089,20.374
1230,61.608,0,bottle,0.476421,572.81,135.11,640.00,369.04,2.842,25.483,3.237,20.003
1230,61.608,1,mouse,0.399259,0.00,0.00,290.39,474.81,2.842,25.483,3.237,20.003
1231,61.646,1,mouse,0.324692,0.00,0.00,294.39,473.71,2.643,25.534,2.893,20.473
1232,61.704,,,,,,,,2.622,25.486,1.687,20.155
1233,61.742,1,mouse,0.314173,0.00,0.00,282.16,480.00,2.674,25.521,3.058,20.770
1234,61.803,,,,,,,,2.570,25.531,1.575,20.340
1235,61.839,,,,,,,,2.701,25.509,1.482,21.020
1236,61.907,1,mouse,0.644234,0.18,3.95,253.96,480.00,2.611,25.866,3.515,20.433
1237,61.945,1,mouse,0.321939,579.99,129.73,640.00,263.61,2.611,25.777,3.183,20.892
1238,62.007,1,mouse,0.322381,0.00,0.00,190.38,480.00,2.890,25.487,3.310,20.470
1239,62.048,1,mouse,0.343177,0.11,0.00,180.29,480.00,2.651,25.516,3.152,20.894
1240,62.107,1,mouse,0.752893,0.00,0.65,128.68,477.82,2.774,25.542,3.271,20.491
1241,62.151,1,mouse,0.720925,0.10,34.02,115.40,478.26,2.586,25.740,3.069,20.730
1241,62.151,1,mouse,0.386525,495.80,383.14,640.00,475.23,2.586,25.740,3.069,20.730
1242,62.226,1,mouse,0.779051,417.17,74.45,608.93,229.91,2.545,25.509,3.442,20.031
1242,62.226,1,mouse,0.424570,451.28,370.35,639.79,474.61,2.545,25.509,3.442,20.031
1242,62.226,1,mouse,0.347663,0.00,132.18,71.82,469.94,2.545,25.509,3.442,20.031
1243,62.268,1,mouse,0.642441,435.49,361.65,626.67,473.64,2.589,25.487,3.176,20.345
1243,62.268,1,mouse,0.313322,0.00,181.95,52.55,473.55,2.589,25.487,3.176,20.345
1244,62.308,1,mouse,0.839674,429.69,352.30,623.71,467.24,2.567,25.543,2.986,20.741
1244,62.308,1,mouse,0.631398,111.73,117.49,259.87,467.13,2.567,25.543,2.986,20.741
1245,62.348,1,mouse,0.840844,427.89,346.46,619.38,456.67,2.527,25.538,2.866,21.138
1245,62.348,1,mouse,0.497054,110.21,112.62,259.03,453.80,2.527,25.538,2.866,21.138
1246,62.403,1,mouse,0.401867,0.37,173.63,50.16,471.95,2.635,25.614,3.134,20.865
1247,62.464,1,mouse,0.815169,0.00,109.10,57.51,467.24,2.761,25.532,3.342,20.426
1247,62.464,1,mouse,0.508596,440.01,313.94,634.65,423.66,2.761,25.532,3.342,20.426
1248,62.525,1,mouse,0.727930,0.00,61.47,70.32,468.93,3.043,26.396,3.372,20.019
1249,62.583,1,mouse,0.458477,0.00,12.24,88.00,468.34,2.791,25.846,3.299,19.716
1250,62.643,,,,,,,,2.683,26.691,1.617,19.450
1251,62.703,1,mouse,0.632364,0.01,3.44,97.97,473.09,2.703,25.520,3.379,19.141
1252,62.772,1,mouse,0.652380,0.03,0.00,110.68,470.62,2.912,33.349,3.509,18.701
1253,62.833,1,mouse,0.770925,509.52,260.81,640.00,372.89,3.236,33.463,3.699,18.464
1254,62.875,1,mouse,0.775145,514.90,261.47,640.00,373.52,2.392,25.168,3.078,19.018
1255,62.923,1,mouse,0.917427,506.04,260.21,640.00,368.59,2.444,25.558,3.117,19.171
1256,62.964,1,mouse,0.451308,506.19,257.41,640.00,368.59,2.550,25.570,2.914,19.720
1256,62.964,1,mouse,0.291765,0.27,1.17,125.59,480.00,2.550,25.570,2.914,19.720
1257,63.004,1,mouse,0.892562,493.09,266.15,640.00,376.63,2.549,25.547,2.955,20.204
1258,63.045,1,mouse,0.931771,502.02,268.20,640.00,381.20,2.552,25.562,3.019,20.640
1258,63.045,1,mouse,0.442164,0.36,0.00,120.98,447.70,2.552,25.562,3.019,20.640
1259,63.085,1,mouse,0.807702,503.55,313.64,640.00,405.03,2.515,25.569,3.043,21.054
1260,63.125,0,bottle,0.706706,428.92,81.77,528.85,308.81,2.483,25.590,3.024,21.440
1260,63.125,1,mouse,0.617833,504.58,316.42,639.32,422.33,2.483,25.590,3.024,21.440
1261,63.165,1,mouse,0.934218,491.32,336.67,639.95,440.27,2.477,25.576,3.088,21.770
1261,63.165,0,bottle,0.498957,425.53,94.57,528.57,331.85,2.477,25.576,3.088,21.770
1262,63.205,1,mouse,0.842426,496.35,344.16,640.00,451.25,2.490,25.545,3.053,22.099
1262,63.205,0,bottle,0.828859,208.33,12.46,307.68,380.75,2.490,25.545,3.053,22.099
1263,63.242,,,,,,,,2.513,25.706,1.391,22.521
1264,63.283,1,mouse,0.896197,519.25,395.67,640.00,476.16,2.500,25.587,2.954,22.798
1264,63.283,0,bottle,0.525754,454.67,97.75,562.53,377.61,2.500,25.587,2.954,22.798
1264,63.283,0,bottle,0.348815,241.59,67.10,343.18,411.38,2.500,25.587,2.954,22.798
1265,63.326,1,mouse,0.817939,519.20,398.77,640.00,477.54,2.519,25.726,2.976,22.810
1265,63.326,0,bottle,0.513074,241.46,118.86,343.66,412.78,2.519,25.726,2.976,22.810
1266,63.366,1,mouse,0.375467,529.53,401.92,640.00,476.72,2.543,25.783,2.921,23.025
1267,63.405,0,bottle,0.878992,254.72,41.74,359.58,421.28,2.481,25.543,2.904,23.248
1268,63.446,0,bottle,0.815742,249.10,39.28,361.54,433.68,2.506,25.565,3.172,23.398
1268,63.446,0,bottle,0.691680,468.63,132.37,587.45,402.02,2.506,25.565,3.172,23.398
1269,63.484,,,,,,,,2.482,25.528,1.612,23.692
1270,63.525,1,mouse,0.259590,0.04,0.00,138.88,420.99,2.482,25.559,2.938,23.736
1271,63.565,0,bottle,0.285570,433.49,161.92,561.08,448.17,2.484,25.533,3.002,23.859
1272,63.605,0,bottle,0.796211,212.13,160.23,325.70,473.98,2.514,25.568,3.004,23.961
1273,63.642,,,,,,,,2.497,25.558,1.489,24.188
1274,63.685,0,bottle,0.460124,211.67,202.86,317.96,475.87,2.482,25.519,2.938,24.174
1275,63.725,0,bottle,0.280087,214.46,202.52,324.66,476.11,2.633,25.562,2.967,24.241
1276,63.763,,,,,,,,2.509,25.551,1.455,24.449
1277,63.805,1,mouse,0.452637,474.13,269.31,532.78,327.14,2.522,25.557,3.196,24.378
1278,63.845,1,mouse,0.336970,464.10,272.23,525.72,327.24,2.475,25.549,3.077,24.441
1279,63.885,0,bottle,0.485185,191.97,225.18,293.69,471.94,2.483,25.509,3.013,24.514
1280,63.925,1,mouse,0.348880,457.89,275.06,518.77,333.50,2.476,25.568,2.992,24.550
1280,63.925,0,bottle,0.336786,188.52,225.10,290.86,471.30,2.476,25.568,2.992,24.550
1281,63.965,1,mouse,0.532756,454.43,278.76,515.14,334.01,2.480,25.538,2.972,24.611
1282,64.005,0,bottle,0.290767,176.89,197.82,282.80,475.32,2.485,25.576,2.999,24.645
1283,64.043,,,,,,,,2.462,25.564,1.441,24.812
1284,64.083,,,,,,,,2.504,25.575,1.439,24.824
1285,64.123,,,,,,,,2.484,25.577,1.416,24.849
1286,64.166,0,bottle,0.679903,395.89,244.02,505.35,479.15,2.500,25.588,3.218,24.728
1287,64.205,0,bottle,0.407090,395.34,243.32,507.54,478.41,2.465,25.543,3.057,24.770
1288,64.268,0,bottle,0.524756,155.20,240.08,260.42,472.60,2.538,25.606,3.265,23.939
1288,64.268,0,bottle,0.330752,394.53,243.45,506.21,478.52,2.538,25.606,3.265,23.939
1289,64.326,,,,,,,,2.896,25.468,1.663,23.260
1290,64.387,0,bottle,0.339688,150.45,239.21,257.36,473.87,2.827,25.623,3.430,22.537
1291,64.448,0,bottle,0.863771,146.68,239.02,257.86,474.05,3.160,25.569,3.397,21.943
1292,64.509,0,bottle,0.512053,145.56,237.49,251.59,472.35,3.087,26.220,3.520,21.392
1293,64.568,0,bottle,0.568578,146.71,238.09,254.57,472.56,2.519,25.475,3.498,20.957
1294,64.629,0,bottle,0.401262,146.39,238.94,252.04,471.54,3.253,26.393,3.395,20.489
1295,64.691,1,mouse,0.667808,471.13,147.40,640.00,340.05,2.550,28.610,3.253,20.071
1296,64.748,0,bottle,0.356053,363.27,206.45,474.73,445.65,2.872,25.425,3.439,19.806
1297,64.804,,,,,,,,3.020,25.485,1.679,19.546
1298,64.868,0,bottle,0.277161,134.27,0.00,277.21,429.24,2.916,25.887,3.182,19.205
1299,64.934,,,,,,,,3.033,33.565,2.156,18.789
1300,64.994,,,,,,,,3.420,33.361,1.791,18.583
1301,65.058,0,bottle,0.645539,137.80,3.64,264.07,344.12,3.103,33.463,3.651,18.335
1302,65.107,1,mouse,0.596943,0.06,192.91,146.36,476.47,2.699,24.499,3.364,18.475
1302,65.107,1,mouse,0.582241,423.25,297.08,621.48,398.20,2.699,24.499,3.364,18.475
1303,65.168,1,mouse,0.461284,405.92,303.14,612.40,399.51,2.574,25.541,3.317,18.282
1304,65.220,1,mouse,0.765508,365.09,1.57,610.38,171.35,2.758,25.517,3.255,18.378
1305,65.265,,,,,,,,2.679,25.543,1.614,18.727
1306,65.320,1,mouse,0.579704,298.54,40.19,499.88,193.10,2.769,25.528,3.180,18.696
1306,65.320,1,mouse,0.506454,287.30,333.91,447.40,416.81,2.769,25.528,3.180,18.696
1307,65.364,,,,,,,,2.581,25.520,1.472,19.033
1308,65.416,,,,,,,,2.786,25.506,1.563,19.036
1309,65.465,1,mouse,0.678428,70.66,373.78,251.89,442.42,2.575,25.481,3.240,19.144
1310,65.516,,,,,,,,2.589,25.559,1.645,19.228
1311,65.565,,,,,,,,2.753,25.504,1.586,19.379
1312,65.617,,,,,,,,2.945,25.514,1.566,19.351
1313,65.664,,,,,,,,2.615,25.521,1.458,19.530
1314,65.717,,,,,,,,2.695,25.832,1.555,19.475
1315,65.764,,,,,,,,2.721,25.534,1.635,19.622
1316,65.819,0,bottle,0.557688,587.46,101.81,640.00,475.14,2.889,25.482,3.096,19.507
1317,65.866,0,bottle,0.669722,585.25,75.40,640.00,477.24,2.571,25.514,3.031,19.667
1318,65.919,1,mouse,0.385192,0.00,0.00,345.63,471.39,2.555,25.520,3.403,19.604
1318,65.919,1,mouse,0.308371,0.61,0.00,186.63,468.46,2.555,25.520,3.403,19.604
1319,65.964,,,,,,,,2.607,25.526,1.516,19.836
1320,66.017,,,,,,,,2.641,25.532,1.628,19.764
1321,66.065,1,mouse,0.347323,495.58,211.65,639.76,474.86,2.532,25.499,3.108,19.807
1322,66.117,,,,,,,,2.984,25.490,1.567,19.792
1323,66.164,,,,,,,,2.607,25.516,1.507,19.919
1324,66.219,1,mouse,0.944012,0.00,0.00,532.38,460.70,2.780,25.518,3.232,19.767
1325,66.266,1,mouse,0.426388,1.62,0.00,603.84,472.64,2.550,25.486,3.013,19.896
1325,66.266,1,mouse,0.412081,132.86,381.53,320.59,477.74,2.550,25.486,3.013,19.896
1326,66.319,1,mouse,0.847872,521.99,194.39,639.16,306.09,2.724,25.493,3.346,19.806
1326,66.319,1,mouse,0.371349,158.97,357.28,325.89,475.19,2.724,25.493,3.346,19.806
1327,66.364,,,,,,,,2.658,25.504,1.479,20.029
1328,66.416,,,,,,,,2.729,25.545,1.587,19.940
1329,66.468,1,mouse,0.441737,0.00,0.00,631.89,424.26,2.857,25.487,3.383,19.928
1330,66.519,1,mouse,0.603557,357.98,316.00,578.03,475.53,2.710,25.507,3.088,19.878
1331,66.566,0,bottle,0.606098,369.08,381.59,467.31,479.92,2.516,25.506,3.431,19.975
1332,66.617,,,,,,,,2.706,25.515,1.539,19.975
1333,66.662,,,,,,,,2.645,25.519,1.465,20.061
1334,66.716,,,,,,,,2.882,25.519,1.710,19.960
1335,66.763,,,,,,,,2.832,25.465,1.607,20.061
1336,66.815,,,,,,,,2.609,25.433,1.756,19.976
1337,66.871,1,mouse,0.910089,540.43,382.77,640.00,479.45,3.260,25.811,3.437,19.792
1338,66.934,,,,,,,,2.662,26.861,1.445,19.428
1339,66.971,,,,,,,,2.678,25.454,1.399,20.116
1340,67.031,,,,,,,,2.570,25.484,1.602,19.755
1341,67.066,,,,,,,,2.626,25.518,1.487,20.521
1342,67.133,,,,,,,,2.762,25.797,1.678,20.027
1343,67.169,,,,,,,,2.682,25.536,1.536,20.652
1344,67.231,,,,,,,,2.528,25.458,1.665,20.211
1345,67.267,,,,,,,,2.662,25.499,1.533,20.922
1346,67.332,,,,,,,,3.048,25.419,1.725,20.393
1347,67.369,,,,,,,,2.641,25.689,1.542,21.016
1348,67.431,,,,,,,,2.586,25.557,1.641,20.535
1349,67.468,,,,,,,,2.594,25.505,1.719,21.174
1350,67.532,,,,,,,,2.821,25.847,1.525,20.638
1351,67.568,,,,,,,,2.752,25.559,1.625,21.271
1352,67.634,1,mouse,0.300032,6.10,0.00,460.49,453.90,2.568,25.579,3.490,20.682
1353,67.670,,,,,,,,2.621,25.520,1.512,21.293
1354,67.731,,,,,,,,3.058,25.485,1.670,20.805
1355,67.767,,,,,,,,2.704,25.493,1.497,21.470
1356,67.833,,,,,,,,2.760,27.528,1.690,20.865
1357,67.869,,,,,,,,2.714,25.474,1.510,21.490
1358,67.932,,,,,,,,3.141,25.455,1.742,20.951
1359,67.968,,,,,,,,2.747,25.494,1.515,21.585
1360,68.034,1,mouse,0.546061,6.47,0.00,479.68,453.83,2.589,25.587,3.546,20.967
1361,68.073,1,mouse,0.352510,6.80,0.00,500.41,447.78,2.684,25.453,3.040,21.397
1362,68.134,1,mouse,0.401225,0.00,0.00,527.09,433.36,2.891,25.439,3.317,20.912
1363,68.174,1,mouse,0.539640,0.00,0.00,521.82,435.07,2.577,25.744,4.335,21.293
1364,68.234,1,mouse,0.657327,0.70,0.00,508.89,422.36,2.917,25.516,3.373,20.839
1365,68.274,1,mouse,0.430855,0.72,0.00,499.91,399.05,2.512,25.503,3.096,21.330
1365,68.274,1,mouse,0.297349,0.00,0.00,414.36,467.02,2.512,25.503,3.096,21.330
1366,68.331,,,,,,,,2.556,25.557,1.501,20.917
1367,68.367,,,,,,,,2.666,25.489,1.437,21.547
1368,68.432,,,,,,,,2.766,25.799,1.623,20.956
1369,68.468,,,,,,,,2.639,25.475,1.504,21.529
1370,68.533,,,,,,,,3.015,25.416,1.743,20.968
1371,68.577,,,,,,,,2.668,25.736,1.531,21.176
1372,68.646,,,,,,,,2.627,25.519,1.734,20.526
1373,68.720,,,,,,,,3.035,33.329,1.857,19.851
1374,68.769,,,,,,,,3.066,33.572,2.030,19.874
1375,68.818,,,,,,,,3.034,33.661,1.767,19.880
1376,68.864,,,,,,,,2.867,33.722,1.596,20.018
1377,68.917,,,,,,,,2.876,33.773,1.612,19.916
1378,68.967,0,bottle,0.355047,569.75,10.20,640.00,393.45,2.875,33.772,3.421,19.943
1379,69.009,1,mouse,0.376903,0.06,284.61,116.81,469.66,2.206,24.766,2.774,20.314
1380,69.044,,,,,,,,2.173,22.847,1.443,21.131
1381,69.111,0,bottle,0.731757,496.18,0.00,639.82,477.51,2.574,25.771,3.189,20.511
1382,69.151,1,mouse,0.273392,483.44,0.00,640.00,475.98,2.572,25.556,2.925,20.981
1383,69.213,0,bottle,0.788962,486.54,0.00,640.00,457.84,2.528,25.519,3.571,20.530
1383,69.213,1,mouse,0.265267,0.00,0.00,185.51,304.52,2.528,25.519,3.571,20.530
1384,69.253,0,bottle,0.465354,494.25,44.91,640.00,462.55,2.480,25.555,3.057,20.882
1385,69.313,1,mouse,0.521863,0.35,0.00,176.06,446.65,2.503,25.556,3.231,20.516
1385,69.313,1,mouse,0.489661,457.24,0.00,640.00,465.90,2.503,25.556,3.231,20.516
1385,69.313,0,bottle,0.288757,456.28,0.00,639.43,470.62,2.503,25.556,3.231,20.516
1386,69.353,1,mouse,0.495752,0.00,0.00,176.14,355.25,2.506,25.556,3.090,20.844
1387,69.411,1,mouse,0.413153,0.19,307.68,58.68,475.69,2.485,25.515,3.003,20.513
1388,69.452,1,mouse,0.307706,0.11,0.00,149.94,480.00,2.591,25.796,2.881,20.882
1389,69.512,1,mouse,0.454977,0.00,0.00,146.87,365.78,2.806,25.549,3.040,20.471
1389,69.512,1,mouse,0.422473,0.00,300.13,98.27,476.01,2.806,25.549,3.040,20.471
1390,69.553,1,mouse,0.571100,0.34,0.19,172.73,426.41,2.583,25.520,2.972,20.853
1390,69.553,0,bottle,0.379881,427.53,0.00,636.12,468.15,2.583,25.520,2.972,20.853
1391,69.610,,,,,,,,2.841,25.561,1.823,20.519
1392,69.651,0,bottle,0.658890,426.44,0.00,630.31,478.86,2.498,25.538,3.104,20.925
1393,69.707,,,,,,,,2.592,25.547,1.537,20.539
1394,69.748,1,mouse,0.754444,0.14,0.00,151.72,480.00,2.886,25.519,2.954,21.028
1395,69.812,1,mouse,0.788284,0.00,364.03,74.98,480.00,2.738,25.883,2.995,20.507
1395,69.812,1,mouse,0.714048,0.00,0.00,142.44,420.75,2.738,25.883,2.995,20.507
1396,69.853,0,bottle,0.303347,336.96,4.10,562.66,479.60,2.566,25.516,3.117,20.859
1397,69.912,0,bottle,0.466359,303.53,45.90,520.54,472.64,2.520,25.539,3.229,20.497
1397,69.912,1,mouse,0.324014,0.00,358.01,29.80,477.89,2.520,25.539,3.229,20.497
1398,69.953,0,bottle,0.303999,295.66,51.20,497.42,405.89,2.562,25.556,2.957,20.881
1399,70.012,1,mouse,0.400135,497.89,290.12,619.93,393.10,2.794,25.520,3.338,20.480
1400,70.053,,,,,,,,2.498,25.726,1.563,20.845
1401,70.125,0,bottle,0.589263,297.79,59.98,488.70,472.90,2.760,25.846,3.313,20.173
1402,70.192,1,mouse,0.788204,469.96,305.77,585.68,399.61,2.659,27.321,3.658,19.668
1402,70.192,0,bottle,0.348760,283.39,72.58,472.30,408.81,2.659,27.321,3.658,19.668
1403,70.234,1,mouse,0.876881,475.53,302.90,593.41,397.32,2.679,25.959,3.175,19.991
1404,70.287,0,bottle,0.367343,289.81,71.93,468.71,460.27,2.697,25.510,3.072,19.861
1405,70.327,0,bottle,0.873471,280.64,67.02,466.71,399.53,2.541,25.738,2.966,20.326
1405,70.327,1,mouse,0.678606,464.51,289.88,583.62,382.60,2.541,25.738,2.966,20.326
1406,70.387,0,bottle,0.862888,273.55,54.44,459.63,462.35,2.502,25.588,3.123,19.989
1407,70.428,1,mouse,0.930352,449.90,272.31,575.77,367.75,2.618,25.524,2.963,20.437
1407,70.428,0,bottle,0.312068,271.55,49.68,451.59,463.73,2.618,25.524,2.963,20.437
1408,70.488,0,bottle,0.849478,284.16,73.36,467.13,387.87,2.520,25.570,3.266,20.082
1409,70.529,1,mouse,0.668995,469.21,270.52,594.53,363.04,2.607,25.509,2.972,20.473
1409,70.529,0,bottle,0.598313,294.28,63.67,472.92,406.19,2.607,25.509,2.972,20.473
1410,70.589,1,mouse,0.915911,485.51,270.63,606.17,364.38,2.798,25.532,3.246,20.117
1410,70.589,0,bottle,0.680630,320.36,65.76,486.71,465.00,2.798,25.532,3.246,20.117
1411,70.631,1,mouse,0.684493,488.42,269.07,610.82,361.28,2.561,25.656,3.389,20.458
1411,70.631,1,mouse,0.563831,0.04,335.30,40.50,434.12,2.561,25.656,3.389,20.458
1411,70.631,0,bottle,0.557951,327.31,74.30,489.40,473.27,2.561,25.656,3.389,20.458
1411,70.631,1,mouse,0.431486,0.21,335.35,66.97,436.62,2.561,25.656,3.389,20.458
1412,70.687,1,mouse,0.793948,493.71,270.03,612.57,361.77,2.479,25.534,3.215,20.173
1412,70.687,0,bottle,0.662704,330.08,76.97,493.70,473.77,2.479,25.534,3.215,20.173
1413,70.728,0,bottle,0.882062,333.48,75.93,496.02,472.46,2.568,25.518,2.939,20.601
1413,70.728,1,mouse,0.471958,493.90,269.95,612.05,360.61,2.568,25.518,2.939,20.601
1413,70.728,0,bottle,0.470171,200.75,81.99,292.90,326.13,2.568,25.518,2.939,20.601
1414,70.788,0,bottle,0.818655,344.23,77.29,499.47,473.77,2.705,25.542,3.122,20.222
1414,70.788,1,mouse,0.668821,499.31,264.56,616.56,353.77,2.705,25.542,3.122,20.222
1415,70.829,0,bottle,0.867762,346.33,77.17,499.42,475.16,2.510,25.548,2.977,20.613
1415,70.829,1,mouse,0.792814,498.39,261.61,615.23,347.60,2.510,25.548,2.977,20.613
1416,70.888,0,bottle,0.793155,353.69,68.11,506.37,469.20,2.508,25.583,3.164,20.265
1416,70.888,1,mouse,0.747766,504.88,257.72,620.09,344.66,2.508,25.583,3.164,20.265
1417,70.927,1,mouse,0.812937,505.67,255.13,619.24,337.36,2.600,25.514,2.917,20.683
1417,70.927,0,bottle,0.807010,353.41,71.67,505.35,398.26,2.600,25.514,2.917,20.683
1418,70.992,0,bottle,0.915043,350.18,56.41,508.33,442.06,2.522,25.562,3.516,20.192
1418,70.992,1,mouse,0.881928,504.78,250.10,619.89,334.77,2.522,25.562,3.516,20.192
1419,71.058,0,bottle,0.903213,358.02,64.73,505.44,463.04,2.779,25.654,3.291,19.724
1419,71.058,1,mouse,0.857121,502.88,255.91,617.25,339.00,2.779,25.654,3.291,19.724
1420,71.100,0,bottle,0.877158,353.74,68.23,503.55,458.49,2.565,25.689,3.256,20.067
1420,71.100,1,mouse,0.876227,501.60,256.01,615.12,339.16,2.565,25.689,3.256,20.067
1420,71.100,0,bottle,0.700997,220.13,65.43,312.60,309.88,2.565,25.689,3.256,20.067
1421,71.155,0,bottle,0.749888,346.54,77.27,498.13,356.51,2.474,25.490,3.173,19.859
1422,71.195,0,bottle,0.877955,350.06,80.33,495.55,469.72,2.727,25.754,2.952,20.316
1423,71.258,0,bottle,0.745018,336.28,96.12,484.13,399.63,2.958,25.498,3.209,19.904
1424,71.298,0,bottle,0.892563,330.55,102.61,482.51,473.15,2.517,25.495,3.175,20.355
1425,71.357,0,bottle,0.947017,319.67,111.31,461.01,475.30,2.515,25.526,3.569,20.069
1425,71.357,1,mouse,0.679927,457.03,289.66,567.36,370.31,2.515,25.526,3.569,20.069
1426,71.398,0,bottle,0.877328,296.20,115.93,465.28,475.44,2.510,25.560,3.052,20.436
1426,71.398,1,mouse,0.416876,0.25,340.91,38.94,464.73,2.510,25.560,3.052,20.436
1427,71.455,0,bottle,0.659114,266.21,138.44,437.94,472.60,2.559,25.530,3.126,20.143
1428,71.494,0,bottle,0.324068,265.43,146.00,429.60,442.80,2.604,25.546,2.939,20.608
1429,71.555,0,bottle,0.838508,256.79,162.78,400.61,469.47,2.513,25.540,3.158,20.217
1429,71.555,1,mouse,0.398945,396.63,333.37,504.80,411.81,2.513,25.540,3.158,20.217
1430,71.594,0,bottle,0.921886,245.92,169.81,395.16,436.73,2.547,25.526,2.975,20.698
1431,71.658,0,bottle,0.739348,240.59,174.73,385.94,466.96,2.892,25.531,3.597,20.255
1431,71.658,1,mouse,0.600597,382.33,349.63,492.59,429.22,2.892,25.531,3.597,20.255
1431,71.658,0,bottle,0.341807,120.68,112.90,198.58,390.63,2.892,25.531,3.597,20.255
1432,71.698,0,bottle,0.724427,238.16,192.08,381.70,456.53,3.242,25.532,3.010,20.573
1433,71.757,0,bottle,0.549936,242.63,202.17,384.39,473.78,2.730,25.616,3.543,20.270
1433,71.757,1,mouse,0.506467,381.65,361.13,491.96,439.96,2.730,25.616,3.543,20.270
1433,71.757,0,bottle,0.397842,120.92,150.38,204.79,401.10,2.730,25.616,3.543,20.270
1434,71.797,0,bottle,0.553111,241.33,194.16,385.99,423.95,2.492,25.546,3.126,20.663
1434,71.797,1,mouse,0.504237,380.89,356.89,492.95,432.97,2.492,25.546,3.126,20.663
1435,71.855,0,bottle,0.927578,243.52,192.12,392.87,455.00,2.535,25.522,3.259,20.332
1436,71.894,0,bottle,0.895285,251.18,184.44,391.20,440.78,2.603,25.532,2.971,20.794
1437,71.956,0,bottle,0.912817,248.63,173.14,395.77,431.57,2.783,25.498,3.245,20.375
1438,71.996,0,bottle,0.882465,253.11,161.25,399.61,421.16,2.566,25.491,3.077,20.768
1438,71.996,1,mouse,0.740425,395.83,326.98,506.16,402.14,2.566,25.491,3.077,20.768
1439,72.056,0,bottle,0.934659,270.36,153.25,413.78,412.69,2.794,25.527,3.318,20.382
1439,72.056,1,mouse,0.649864,411.54,319.38,521.57,397.70,2.794,25.527,3.318,20.382
1440,72.096,0,bottle,0.900623,269.21,145.56,412.45,406.25,2.663,25.500,3.016,20.777
1441,72.155,0,bottle,0.904191,269.82,138.08,419.98,396.91,2.698,25.609,3.523,20.395
1441,72.155,1,mouse,0.351839,414.91,306.10,527.03,379.59,2.698,25.609,3.523,20.395
1442,72.195,0,bottle,0.947407,280.31,121.50,428.31,475.33,2.548,25.492,3.046,20.851
1443,72.256,0,bottle,0.958505,285.81,108.93,428.06,470.71,2.804,25.521,3.170,20.446
1444,72.296,0,bottle,0.916808,289.64,102.10,438.11,467.91,2.544,25.521,2.993,20.860
1445,72.356,0,bottle,0.902080,300.66,96.08,448.65,452.46,2.763,25.504,3.298,20.451
1445,72.356,1,mouse,0.890970,445.13,274.62,562.70,356.98,2.763,25.504,3.298,20.451
1446,72.397,0,bottle,0.944986,303.15,94.46,457.86,465.73,2.519,25.684,2.972,20.807
1446,72.397,1,mouse,0.279143,0.66,325.87,62.65,413.63,2.519,25.684,2.972,20.807
1447,72.456,1,mouse,0.878335,472.41,273.22,591.15,359.11,2.496,25.591,3.164,20.456
1447,72.456,0,bottle,0.832480,325.47,84.65,474.93,466.69,2.496,25.591,3.164,20.456
1448,72.496,0,bottle,0.828710,328.03,83.49,477.70,468.31,2.579,25.538,3.012,20.825
1448,72.496,1,mouse,0.682073,473.81,277.33,593.25,359.22,2.579,25.538,3.012,20.825
1449,72.556,0,bottle,0.810716,344.08,93.17,502.77,376.23,2.791,25.571,3.520,20.428
1450,72.598,0,bottle,0.898171,341.70,96.59,497.15,388.45,2.537,25.643,3.216,20.778
1450,72.598,1,mouse,0.764865,0.00,356.42,97.49,476.84,2.537,25.643,3.216,20.778
1450,72.598,1,mouse,0.290682,495.89,296.37,616.41,383.13,2.537,25.643,3.216,20.778
1451,72.655,1,mouse,0.885015,500.46,306.54,625.79,393.08,2.566,25.566,3.141,20.440
1451,72.655,0,bottle,0.301701,348.06,111.35,501.11,431.41,2.566,25.566,3.141,20.440
1452,72.696,1,mouse,0.894678,501.43,310.50,627.70,396.49,2.706,25.580,3.109,20.823
1452,72.696,0,bottle,0.845695,343.34,111.92,504.64,393.44,2.706,25.580,3.109,20.823
1453,72.754,0,bottle,0.756054,343.28,114.91,510.37,458.55,2.699,25.528,3.200,20.435
1453,72.754,1,mouse,0.278780,0.22,371.77,105.10,472.11,2.699,25.528,3.200,20.435
1454,72.794,0,bottle,0.723412,356.52,116.22,522.50,432.52,2.529,25.737,2.906,20.907
1454,72.794,1,mouse,0.404074,519.09,316.39,640.00,403.82,2.529,25.737,2.906,20.907
1455,72.856,1,mouse,0.888721,518.35,320.60,638.97,410.09,2.648,25.501,3.414,20.470
1455,72.856,0,bottle,0.783808,359.66,118.38,520.84,471.70,2.648,25.501,3.414,20.470
1456,72.896,1,mouse,0.771353,519.07,318.81,639.41,408.15,2.501,25.469,2.955,20.844
1456,72.896,0,bottle,0.763294,357.66,113.30,520.63,466.62,2.501,25.469,2.955,20.844
1457,72.956,0,bottle,0.870212,357.25,100.34,525.01,395.81,2.751,25.551,3.335,20.453
1457,72.956,1,mouse,0.779927,521.21,306.49,639.51,399.11,2.751,25.551,3.335,20.453
1458,72.996,0,bottle,0.878259,345.78,96.12,523.51,419.65,2.768,25.531,3.005,20.862
1458,72.996,1,mouse,0.822075,521.58,302.74,639.54,395.21,2.768,25.531,3.005,20.862
1459,73.055,0,bottle,0.891334,352.72,76.39,525.21,467.90,2.545,25.536,3.158,20.487
1459,73.055,1,mouse,0.866262,520.16,285.27,639.42,376.76,2.545,25.536,3.158,20.487
1460,73.096,0,bottle,0.802201,362.95,68.92,526.56,374.16,2.555,25.556,3.238,20.858
1460,73.096,1,mouse,0.775704,523.86,282.44,639.33,371.55,2.555,25.556,3.238,20.858
1461,73.157,1,mouse,0.871977,527.34,273.20,640.00,364.67,2.769,25.503,3.199,20.464
1461,73.157,0,bottle,0.552910,352.12,54.03,526.09,470.30,2.769,25.503,3.199,20.464
1462,73.197,0,bottle,0.905782,354.05,55.36,529.69,469.06,2.538,25.487,2.957,20.810
1462,73.197,1,mouse,0.670397,531.27,275.14,640.00,368.20,2.538,25.487,2.957,20.810
1463,73.255,0,bottle,0.914836,356.61,49.90,538.39,465.68,2.713,25.526,3.169,20.451
1463,73.255,1,mouse,0.525621,535.39,270.32,640.00,366.82,2.713,25.526,3.169,20.451
1464,73.296,0,bottle,0.893531,363.54,47.23,540.38,473.85,2.570,25.712,2.961,20.866
1464,73.296,1,mouse,0.851490,538.98,269.13,640.00,366.04,2.570,25.712,2.961,20.866
1465,73.356,0,bottle,0.836050,348.96,32.86,530.40,471.32,2.772,25.618,3.408,20.449
1465,73.356,1,mouse,0.832602,528.50,258.76,639.55,350.22,2.772,25.618,3.408,20.449
1466,73.397,0,bottle,0.901168,354.28,28.25,537.28,454.09,2.543,25.556,3.059,20.889
1466,73.397,1,mouse,0.744214,534.53,253.30,640.00,346.06,2.543,25.556,3.059,20.889
1467,73.455,0,bottle,0.806978,365.02,18.09,548.33,461.92,2.542,25.533,3.172,20.499
1468,73.497,0,bottle,0.885756,368.44,13.67,543.91,455.54,2.547,25.769,3.034,20.878
1468,73.497,1,mouse,0.421302,541.74,247.41,640.00,338.48,2.547,25.769,3.034,20.878
1468,73.497,0,bottle,0.337383,249.40,68.15,358.89,315.43,2.547,25.769,3.034,20.878
1469,73.555,0,bottle,0.917855,368.39,14.96,551.68,434.87,2.808,25.512,3.161,20.482
1470,73.595,0,bottle,0.953512,371.72,0.00,557.68,466.74,2.684,25.534,2.956,20.892
1471,73.656,0,bottle,0.952076,378.57,10.16,564.68,432.77,2.813,25.497,3.135,20.489
1472,73.696,0,bottle,0.932805,390.74,7.73,580.26,446.44,2.624,25.488,3.022,20.890
1473,73.756,0,bottle,0.941185,418.94,8.23,597.69,457.45,2.586,25.584,3.428,20.487
1473,73.756,1,mouse,0.279146,0.00,0.00,238.16,384.20,2.586,25.584,3.428,20.487
1474,73.799,0,bottle,0.898192,426.23,15.56,602.33,437.19,2.548,25.538,3.164,20.759
1474,73.799,1,mouse,0.355873,598.12,241.10,639.99,341.45,2.548,25.538,3.164,20.759
1475,73.861,0,bottle,0.937243,442.97,11.88,624.39,437.98,2.857,25.562,3.640,20.296
1475,73.861,1,mouse,0.308821,0.62,0.00,260.76,398.82,2.857,25.562,3.640,20.296
1476,73.924,0,bottle,0.918776,448.36,9.83,634.64,458.59,2.615,25.537,3.342,19.852
1477,73.965,1,mouse,0.752114,1.18,0.00,283.59,440.97,2.551,25.679,3.132,20.245
1477,73.965,0,bottle,0.729165,461.42,10.09,640.00,471.18,2.551,25.679,3.132,20.245
1478,74.023,0,bottle,0.809668,497.74,37.80,640.00,385.22,2.732,25.522,3.186,19.943
1478,74.023,1,mouse,0.625405,0.00,0.00,321.10,446.40,2.732,25.522,3.186,19.943
1479,74.062,1,mouse,0.631794,0.00,0.00,332.30,444.38,2.569,25.536,3.017,20.431
1480,74.123,1,mouse,0.899630,3.67,0.00,371.97,474.46,2.852,25.511,3.383,20.049
1480,74.123,0,bottle,0.850621,574.81,106.42,640.00,441.28,2.852,25.511,3.383,20.049
1481,74.162,1,mouse,0.783903,0.79,0.00,396.52,477.47,2.589,25.696,2.954,20.546
1481,74.162,0,bottle,0.610339,593.46,131.75,640.00,480.00,2.589,25.696,2.954,20.546
1482,74.222,0,bottle,0.358515,619.88,307.13,639.94,478.69,2.638,25.565,3.476,20.170
1483,74.257,,,,,,,,2.487,25.585,1.655,20.849
1484,74.319,,,,,,,,2.833,25.507,1.618,20.399
1485,74.355,,,,,,,,2.589,25.514,1.501,21.154
1486,74.419,,,,,,,,2.514,25.455,1.643,20.614
1487,74.454,,,,,,,,2.627,25.481,1.473,21.312
1488,74.520,,,,,,,,2.570,26.015,1.705,20.729
1489,74.558,1,mouse,0.379171,3.51,0.00,640.00,480.00,2.656,25.688,2.940,21.219
1490,74.624,1,mouse,0.591110,1.09,0.00,636.43,467.41,3.098,25.550,3.482,20.660
1491,74.663,1,mouse,0.534398,1.84,0.00,632.87,462.76,2.637,25.531,3.299,21.104
1492,74.721,1,mouse,0.466482,0.62,0.00,635.29,439.48,2.711,25.484,3.238,20.703
1493,74.760,1,mouse,0.354248,0.36,0.00,632.60,435.32,2.520,25.731,3.355,21.161
1494,74.823,1,mouse,0.782137,0.00,0.00,633.34,424.77,2.919,26.835,3.258,20.647
1495,74.863,1,mouse,0.827697,0.00,0.00,634.59,426.90,3.189,25.566,3.266,21.075
1496,74.922,1,mouse,0.798621,0.00,0.00,635.19,398.80,3.095,25.442,2.994,20.683
1497,74.960,1,mouse,0.899712,0.00,0.00,636.29,392.37,2.551,25.523,3.027,21.200
1498,75.022,1,mouse,0.681390,0.00,0.00,635.08,366.85,2.937,25.525,3.150,20.709
1499,75.060,1,mouse,0.727163,0.00,0.00,635.28,375.50,2.561,25.518,3.043,21.218
1500,75.122,1,mouse,0.602172,0.00,0.00,637.03,327.47,2.902,25.495,3.347,20.732
1501,75.160,1,mouse,0.432423,0.00,0.00,635.04,293.18,2.564,25.735,3.066,21.232
1502,75.222,1,mouse,0.536836,0.00,0.00,631.80,373.09,2.505,25.511,3.569,20.757
1503,75.260,1,mouse,0.421428,0.00,0.00,635.23,417.17,2.530,25.545,3.281,21.240
1504,75.321,1,mouse,0.792054,0.00,0.00,631.34,367.52,2.810,25.425,3.360,20.750
1505,75.359,1,mouse,0.690046,0.00,0.00,631.57,373.72,2.620,25.488,3.016,21.271
1506,75.421,1,mouse,0.950581,0.00,0.00,629.84,410.83,2.572,25.498,3.433,20.778
1507,75.459,1,mouse,0.829686,0.00,0.00,635.26,418.48,2.606,25.699,3.135,21.295
1508,75.521,1,mouse,0.809350,0.00,0.00,637.87,401.48,2.994,25.451,3.322,20.776
1509,75.559,1,mouse,0.806580,0.00,0.00,625.17,358.77,2.614,25.517,3.115,21.311
1510,75.623,1,mouse,0.504272,0.00,0.00,633.29,321.14,2.908,25.497,3.506,20.797
1511,75.661,1,mouse,0.305316,0.00,0.00,633.92,306.59,2.669,25.500,3.059,21.265
1512,75.722,1,mouse,0.465640,0.00,0.00,627.35,295.62,2.989,25.500,3.324,20.787
1513,75.761,1,mouse,0.368325,0.00,0.00,635.52,299.03,2.583,25.528,2.990,21.278
1514,75.821,,,,,,,,2.964,25.477,1.621,20.852
1515,75.857,,,,,,,,2.621,25.496,1.508,21.430
1516,75.921,,,,,,,,3.120,25.489,1.663,20.878
1517,75.958,,,,,,,,2.698,25.515,1.500,21.449
1518,76.020,,,,,,,,3.072,25.631,1.713,20.904
1519,76.057,,,,,,,,2.864,25.504,1.618,21.504
1520,76.119,,,,,,,,2.526,25.489,1.587,20.979
1521,76.155,,,,,,,,2.531,25.502,1.493,21.586
1522,76.220,,,,,,,,2.556,26.636,1.688,20.983
1523,76.257,,,,,,,,2.729,25.465,1.507,21.586
1524,76.324,,,,,,,,2.598,25.932,1.630,20.934
1525,76.390,,,,,,,,2.959,28.326,1.434,20.328
1526,76.428,,,,,,,,2.535,25.408,1.561,21.050
1527,76.490,,,,,,,,2.634,25.467,1.620,20.614
1528,76.533,,,,,,,,2.796,25.497,1.696,20.803
1529,76.597,,,,,,,,2.636,25.513,1.642,20.291
1530,76.635,,,,,,,,2.622,25.685,1.483,20.836
1531,76.699,,,,,,,,3.002,25.994,1.799,20.353
1532,76.737,,,,,,,,2.663,25.506,1.514,20.872
1533,76.798,,,,,,,,2.945,25.446,1.623,20.454
1534,76.837,,,,,,,,2.581,25.528,1.496,20.987
1535,76.898,,,,,,,,2.554,25.506,2.005,20.525
1536,76.938,,,,,,,,2.687,25.507,1.470,20.987
1537,77.001,,,,,,,,2.546,25.704,1.604,20.455
1538,77.068,,,,,,,,2.693,27.489,1.751,19.915
1539,77.107,,,,,,,,2.988,25.664,1.628,20.446
1540,77.170,,,,,,,,3.128,25.684,1.812,20.093
1541,77.208,,,,,,,,2.612,25.469,1.522,20.436
1542,77.269,1,mouse,0.919763,0.00,0.00,636.77,460.98,2.723,25.841,3.238,20.091
1543,77.308,,,,,,,,2.559,25.532,1.520,20.612
1544,77.366,,,,,,,,2.562,25.541,1.562,20.280
1545,77.408,1,mouse,0.484432,3.03,0.00,640.00,467.01,2.581,25.593,3.039,20.633
1546,77.467,1,mouse,0.420948,3.62,0.00,639.06,480.00,2.802,25.496,3.197,20.225
1547,77.507,1,mouse,0.260125,0.09,0.00,153.47,480.00,2.652,25.523,2.965,20.673
1548,77.568,1,mouse,0.918556,0.90,10.70,272.79,472.00,2.836,25.496,3.273,20.270
1548,77.568,1,mouse,0.485984,0.00,0.00,365.54,446.19,2.836,25.496,3.273,20.270
1549,77.606,1,mouse,0.942891,0.00,2.18,408.75,471.75,2.619,25.531,3.093,20.697
1550,77.667,1,mouse,0.619799,0.99,73.73,277.66,473.21,2.500,25.563,3.469,20.339
1551,77.706,,,,,,,,2.587,25.523,1.501,20.904
1552,77.767,2,keyboard,0.480690,0.18,89.92,485.91,439.36,2.612,25.451,3.158,20.436
1553,77.805,,,,,,,,2.542,25.720,1.773,20.953
1554,77.867,2,keyboard,0.594944,0.00,143.46,522.54,470.86,2.948,25.499,3.327,20.482
1555,77.904,,,,,,,,2.618,25.752,1.429,21.049
1556,77.964,,,,,,,,2.973,25.536,1.665,20.620
1557,78.000,,,,,,,,2.604,25.504,1.521,21.305
1558,78.063,,,,,,,,2.720,25.522,1.717,20.760
1559,78.099,,,,,,,,2.691,25.488,1.562,21.430
1560,78.163,,,,,,,,2.546,25.490,1.631,20.864
1561,78.199,,,,,,,,2.551,25.518,1.537,21.495
1562,78.264,,,,,,,,2.538,27.205,1.712,20.889
1563,78.300,,,,,,,,2.587,25.492,1.587,21.540
1564,78.364,,,,,,,,2.602,27.270,1.756,20.950
1565,78.417,,,,,,,,2.859,40.123,3.054,20.762
1566,78.465,,,,,,,,2.486,27.000,1.593,20.794
1567,78.509,,,,,,,,2.189,33.659,1.788,20.942
1568,78.573,,,,,,,,2.287,33.383,3.640,20.436
1569,78.608,,,,,,,,2.047,25.331,1.524,21.152
1570,78.662,,,,,,,,2.566,24.641,1.642,20.903
1571,78.695,,,,,,,,2.498,23.177,1.446,21.758
1572,78.763,,,,,,,,2.360,26.057,1.699,21.077
1573,78.800,1,mouse,0.345318,0.00,0.00,638.79,299.68,2.457,23.982,3.197,21.685
1574,78.864,1,mouse,0.323881,0.00,0.00,634.45,269.16,2.335,25.169,3.123,21.081
1575,78.902,1,mouse,0.252378,0.00,0.00,636.57,271.38,2.428,25.027,2.972,21.608
1576,78.969,1,mouse,0.266163,0.00,0.00,636.42,306.27,2.513,25.520,3.563,20.938
1577,79.032,,,,,,,,2.633,25.791,1.670,20.449
1578,79.071,1,mouse,0.263964,0.00,0.00,632.40,319.01,2.702,25.479,3.108,20.943
1579,79.134,,,,,,,,2.912,27.238,1.797,20.440
1580,79.174,,,,,,,,2.551,27.546,2.687,20.888
1581,79.237,,,,,,,,3.929,27.850,1.779,20.429
1582,79.279,,,,,,,,2.538,30.161,1.564,20.691
1583,79.342,,,,,,,,3.077,25.553,1.762,20.248
1584,79.380,,,,,,,,2.653,25.500,1.428,20.800
1585,79.440,,,,,,,,2.923,25.519,1.926,20.355
1586,79.478,,,,,,,,2.634,25.502,1.701,21.044
1587,79.545,,,,,,,,2.518,25.524,1.667,20.450
1588,79.619,,,,,,,,2.955,25.423,1.790,19.761
1589,79.658,,,,,,,,2.705,25.473,1.601,20.319
1590,79.718,,,,,,,,2.869,25.461,1.740,19.973
1591,79.758,1,mouse,0.339340,0.10,0.00,66.93,476.68,2.645,25.492,3.220,20.415
1592,79.820,1,mouse,0.457486,0.26,98.01,55.32,473.58,2.964,25.453,3.402,20.004
1593,79.858,,,,,,,,2.597,25.491,1.529,20.554
1594,79.916,,,,,,,,2.550,25.540,1.963,20.217
1595,79.953,,,,,,,,2.591,25.516,1.589,20.850
1596,80.020,1,mouse,0.727331,0.00,99.62,75.81,479.49,2.999,25.490,3.311,20.304
1597,80.059,1,mouse,0.952094,0.00,43.45,179.20,479.40,2.565,25.538,3.208,20.705
1598,80.119,1,mouse,0.937333,0.20,73.38,158.80,477.43,2.919,25.465,3.295,20.339
1599,80.158,1,mouse,0.934961,0.25,74.60,170.64,475.58,2.686,25.523,3.032,20.799
1600,80.221,,,,,,,,2.967,25.489,1.603,20.336
1601,80.286,,,,,,,,2.553,27.252,1.424,19.845
1602,80.326,1,mouse,0.776129,0.32,74.13,229.01,474.88,2.679,25.488,3.247,20.349
1603,80.388,1,mouse,0.438531,0.00,29.14,359.84,480.00,2.835,25.480,3.464,19.949
1604,80.428,1,mouse,0.364352,2.89,6.16,377.30,473.23,2.530,25.472,3.053,20.410
1605,80.488,1,mouse,0.802660,0.00,0.00,382.50,477.03,2.830,25.478,3.282,20.058
1605,80.488,1,mouse,0.671455,324.84,11.02,640.00,265.09,2.830,25.478,3.282,20.058
1606,80.527,1,mouse,0.801647,316.72,0.00,640.00,252.93,2.645,25.554,2.994,20.510
1606,80.527,1,mouse,0.723031,1.47,0.00,377.17,476.65,2.645,25.554,2.994,20.510
1607,80.587,1,mouse,0.693944,347.89,0.00,640.00,224.58,2.856,25.506,3.272,20.137
1607,80.587,1,mouse,0.649779,1.77,0.00,375.62,474.46,2.856,25.506,3.272,20.137
1608,80.627,1,mouse,0.566117,0.00,0.00,370.37,480.00,2.616,25.533,2.972,20.631
1608,80.627,1,mouse,0.271289,332.77,0.00,640.00,198.14,2.616,25.533,2.972,20.631
1609,80.685,1,mouse,0.566371,0.00,0.00,308.55,469.20,2.626,25.412,3.048,20.256
1609,80.685,1,mouse,0.525230,99.05,0.00,632.99,473.22,2.626,25.412,3.048,20.256
1610,80.725,1,mouse,0.809491,0.48,0.00,263.83,469.92,2.538,25.526,3.050,20.827
1610,80.725,1,mouse,0.788401,8.06,0.00,633.08,437.17,2.538,25.526,3.050,20.827
1611,80.787,1,mouse,0.500236,0.00,0.00,639.82,225.45,2.806,25.512,3.598,20.351
1612,80.825,,,,,,,,2.569,25.494,1.539,20.944
1613,80.863,,,,,,,,2.485,25.533,1.441,21.439
1614,80.947,,,,,,,,2.567,25.541,1.593,20.535
1615,81.039,1,mouse,0.940263,414.43,221.63,543.96,342.26,2.942,30.698,4.043,19.602
1615,81.039,1,mouse,0.817098,262.44,204.37,412.40,335.47,2.942,30.698,4.043,19.602
1616,81.119,1,mouse,0.619066,112.42,310.40,285.37,475.60,3.115,33.410,3.909,18.856
1617,81.198,,,,,,,,3.549,33.756,2.415,18.232
1618,81.280,1,mouse,0.821518,282.85,212.33,640.00,386.01,3.357,33.318,4.267,17.622
1618,81.280,1,mouse,0.340712,120.03,274.80,326.52,421.27,3.357,33.318,4.267,17.622
1619,81.355,1,mouse,0.947361,117.90,251.22,271.57,411.27,2.548,28.929,3.877,17.212
1619,81.355,1,mouse,0.572305,281.81,222.86,426.13,378.37,2.548,28.929,3.877,17.212
1620,81.438,1,mouse,0.860067,126.42,267.66,288.31,400.74,2.546,32.078,4.441,16.697
1620,81.438,1,mouse,0.852644,283.60,235.37,429.55,363.80,2.546,32.078,4.441,16.697
1620,81.438,1,mouse,0.417559,339.75,338.94,560.95,475.61,2.546,32.078,4.441,16.697
1621,81.518,1,mouse,0.693240,13.80,26.49,640.00,474.74,3.068,33.389,4.153,16.253
1622,81.599,,,,,,,,3.347,33.332,1.872,15.904
1623,81.682,1,mouse,0.704990,238.15,358.71,331.27,460.39,3.482,33.312,4.133,15.523
1623,81.682,1,mouse,0.296416,0.12,362.57,66.24,460.67,3.482,33.312,4.133,15.523
1624,81.763,1,mouse,0.763257,0.55,13.46,355.60,473.70,3.099,33.403,4.248,15.176
1625,81.838,2,keyboard,0.489242,0.00,0.00,628.10,470.49,2.459,30.187,4.015,14.977
1626,81.899,2,keyboard,0.844079,0.00,147.17,640.00,476.87,2.869,29.817,3.657,15.148
1627,81.962,2,keyboard,0.732853,0.00,196.39,634.73,476.47,3.308,33.360,3.668,15.202
1628,82.013,1,mouse,0.902094,421.52,0.00,620.18,78.78,3.021,33.949,3.217,15.632
1628,82.013,2,keyboard,0.339650,4.35,10.65,640.00,476.96,3.021,33.949,3.217,15.632
1629,82.074,1,mouse,0.950311,432.96,19.63,625.67,113.15,2.978,33.374,3.451,15.722
1629,82.074,1,mouse,0.348322,0.59,2.81,223.51,445.58,2.978,33.374,3.451,15.722
1629,82.074,2,keyboard,0.268519,3.21,18.71,640.00,477.92,2.978,33.374,3.451,15.722
1630,82.142,1,mouse,0.949575,431.41,29.32,617.34,120.63,3.253,33.307,3.883,15.613
1631,82.207,1,mouse,0.967199,422.05,29.81,604.31,122.38,3.071,33.418,3.574,15.617
1632,82.258,1,mouse,0.962256,413.72,32.54,594.08,121.23,2.990,33.392,3.369,15.984
1632,82.258,1,mouse,0.764691,63.25,219.34,633.93,476.03,2.990,33.392,3.369,15.984
1633,82.307,1,mouse,0.874025,395.70,23.77,567.75,110.53,2.876,33.636,3.361,16.349
1633,82.307,1,mouse,0.500139,45.23,222.40,633.32,475.97,2.876,33.636,3.361,16.349
1634,82.364,1,mouse,0.935413,383.09,0.00,559.64,79.69,2.209,24.769,3.328,16.526
1634,82.364,1,mouse,0.300223,10.33,100.20,635.11,476.60,2.209,24.769,3.328,16.526
1635,82.436,1,mouse,0.859731,358.87,1.20,538.62,77.99,2.609,25.496,3.653,16.307
1635,82.436,1,mouse,0.580398,9.06,173.72,634.60,477.18,2.609,25.496,3.653,16.307
1636,82.506,2,keyboard,0.761270,0.00,142.23,638.63,476.87,3.286,33.081,3.770,16.058
1637,82.548,1,mouse,0.860452,336.39,0.49,504.76,76.49,2.313,25.007,3.197,16.852
1637,82.548,1,mouse,0.548785,0.00,30.92,639.88,475.99,2.313,25.007,3.197,16.852
1637,82.548,1,mouse,0.530860,0.85,162.19,636.79,477.40,2.313,25.007,3.197,16.852
1638,82.598,1,mouse,0.296197,0.00,156.49,576.66,475.31,2.364,27.299,3.106,17.146
1638,82.598,2,keyboard,0.271716,2.25,116.53,637.52,480.00,2.364,27.299,3.106,17.146
1639,82.641,1,mouse,0.900770,297.47,1.78,471.12,79.02,2.546,25.784,3.065,17.770
1639,82.641,2,keyboard,0.832457,0.00,98.47,631.70,475.67,2.546,25.784,3.065,17.770
1639,82.641,1,mouse,0.275605,0.10,0.71,67.96,99.85,2.546,25.784,3.065,17.770
1640,82.696,1,mouse,0.899408,291.75,1.55,469.44,80.86,2.503,25.540,3.173,17.791
1640,82.696,2,keyboard,0.810925,0.71,66.08,635.77,480.00,2.503,25.540,3.173,17.791
1641,82.738,2,keyboard,0.913983,2.66,75.01,636.96,478.52,2.497,25.549,3.011,18.399
1641,82.738,1,mouse,0.739947,285.74,0.21,463.04,77.10,2.497,25.549,3.011,18.399
1642,82.798,1,mouse,0.860148,288.05,1.17,466.49,81.08,2.627,26.020,3.550,18.249
1642,82.798,2,keyboard,0.733530,2.20,98.68,635.63,476.29,2.627,26.020,3.550,18.249
1643,82.840,1,mouse,0.902494,284.98,0.42,458.79,81.55,2.515,25.571,2.998,18.780
1643,82.840,2,keyboard,0.373845,2.08,101.61,636.21,474.90,2.515,25.571,2.998,18.780
1643,82.840,1,mouse,0.265735,0.06,1.50,84.59,111.40,2.515,25.571,2.998,18.780
1644,82.897,1,mouse,0.980531,281.93,4.21,456.27,96.96,2.501,25.503,3.051,18.668
1644,82.897,2,keyboard,0.927070,0.00,19.02,636.77,477.15,2.501,25.503,3.051,18.668
1644,82.897,1,mouse,0.309395,0.30,14.16,57.45,124.12,2.501,25.503,3.051,18.668
1645,82.940,1,mouse,0.972230,281.91,2.46,457.61,97.30,2.500,25.769,3.148,19.125
1645,82.940,2,keyboard,0.911271,4.12,102.96,637.60,477.57,2.500,25.769,3.148,19.125
1646,82.997,1,mouse,0.957542,276.62,6.82,455.05,102.02,2.474,25.560,3.133,18.968
1646,82.997,2,keyboard,0.896127,4.41,112.01,640.00,477.67,2.474,25.560,3.133,18.968
1646,82.997,1,mouse,0.270906,0.23,23.40,49.46,132.35,2.474,25.560,3.133,18.968
1647,83.039,1,mouse,0.980426,275.97,7.65,453.47,100.84,2.510,25.598,3.083,19.419
1647,83.039,2,keyboard,0.919282,3.18,81.67,638.92,476.52,2.510,25.598,3.083,19.419
1648,83.098,1,mouse,0.955318,265.45,12.21,442.93,106.48,2.737,25.522,3.197,19.206
1648,83.098,2,keyboard,0.929680,1.10,90.52,636.64,478.84,2.737,25.522,3.197,19.206
1648,83.098,1,mouse,0.342000,0.00,30.75,37.33,141.53,2.737,25.522,3.197,19.206
1649,83.140,1,mouse,0.966015,264.59,16.47,442.09,112.88,2.491,25.762,3.003,19.615
1649,83.140,2,keyboard,0.919484,2.70,98.50,635.42,478.67,2.491,25.762,3.003,19.615
1650,83.197,1,mouse,0.964702,253.76,22.50,430.35,122.36,2.505,25.549,3.436,19.406
1650,83.197,2,keyboard,0.679441,1.33,66.93,624.55,476.93,2.505,25.549,3.436,19.406
1650,83.197,2,keyboard,0.428298,104.99,129.38,640.00,477.94,2.505,25.549,3.436,19.406
1651,83.240,1,mouse,0.963864,246.19,28.29,425.81,127.96,2.534,25.566,3.016,19.795
1651,83.240,2,keyboard,0.913863,1.39,118.60,629.90,477.74,2.534,25.566,3.016,19.795
1652,83.299,1,mouse,0.970570,247.12,31.31,423.85,131.95,2.818,25.830,3.210,19.553
1652,83.299,2,keyboard,0.801509,0.00,154.66,620.71,475.78,2.818,25.830,3.210,19.553
1652,83.299,2,keyboard,0.359757,0.00,0.00,625.52,478.29,2.818,25.830,3.210,19.553
1653,83.340,1,mouse,0.970106,246.54,36.63,423.51,135.73,2.573,25.516,3.067,19.911
1653,83.340,2,keyboard,0.874957,0.00,86.06,627.33,477.46,2.573,25.516,3.067,19.911
1654,83.397,1,mouse,0.960966,239.89,46.07,420.28,144.26,2.515,25.775,3.298,19.692
1654,83.397,2,keyboard,0.867763,0.00,142.94,628.14,477.57,2.515,25.775,3.298,19.692
1654,83.397,1,mouse,0.558200,383.53,0.62,532.46,61.08,2.515,25.775,3.298,19.692
1655,83.439,1,mouse,0.960023,236.64,52.68,416.29,146.53,2.516,25.571,3.012,20.094
1655,83.439,2,keyboard,0.886504,0.31,147.80,633.17,477.42,2.516,25.571,3.012,20.094
1655,83.439,1,mouse,0.519786,381.91,1.25,530.53,65.81,2.516,25.571,3.012,20.094
1656,83.498,1,mouse,0.952618,236.27,57.18,416.67,154.61,2.499,25.494,3.087,19.833
1656,83.498,2,keyboard,0.927306,3.04,157.05,629.48,477.37,2.499,25.494,3.087,19.833
1656,83.498,1,mouse,0.816716,379.57,1.29,531.02,72.89,2.499,25.494,3.087,19.833
1657,83.540,1,mouse,0.953726,234.45,57.36,413.80,156.52,2.473,25.585,3.069,20.161
1657,83.540,1,mouse,0.906914,378.48,0.85,529.66,73.59,2.473,25.585,3.069,20.161
1657,83.540,2,keyboard,0.873896,2.35,149.76,634.29,477.41,2.473,25.585,3.069,20.161
1658,83.598,1,mouse,0.956937,232.29,57.95,410.74,156.94,2.521,25.530,3.153,19.887
1658,83.598,2,keyboard,0.858894,2.35,160.82,632.34,477.31,2.521,25.530,3.153,19.887
1658,83.598,1,mouse,0.850664,378.19,0.45,528.47,75.64,2.521,25.530,3.153,19.887
1658,83.598,1,mouse,0.279778,565.84,140.64,639.40,185.98,2.521,25.530,3.153,19.887
1658,83.598,1,mouse,0.259020,598.50,176.74,640.00,235.88,2.521,25.530,3.153,19.887
1659,83.639,1,mouse,0.957605,235.00,58.50,412.86,156.56,2.528,25.579,3.210,20.239
1659,83.639,1,mouse,0.908414,377.31,0.57,528.90,74.61,2.528,25.579,3.210,20.239
1659,83.639,2,keyboard,0.852054,1.54,156.47,627.89,477.33,2.528,25.579,3.210,20.239
1660,83.697,1,mouse,0.957397,237.86,57.58,417.82,157.12,2.487,25.514,3.263,19.978
1660,83.697,1,mouse,0.885677,381.16,1.45,531.51,73.53,2.487,25.514,3.263,19.978
1660,83.697,2,keyboard,0.879317,0.50,155.78,626.52,477.30,2.487,25.514,3.263,19.978
1661,83.740,1,mouse,0.967262,239.07,59.69,419.53,156.32,2.527,25.534,3.079,20.250
1661,83.740,2,keyboard,0.892616,0.57,163.89,625.20,477.25,2.527,25.534,3.079,20.250
1661,83.740,1,mouse,0.867007,384.54,1.29,531.73,74.59,2.527,25.534,3.079,20.250
1662,83.797,1,mouse,0.960141,246.80,60.47,423.22,158.80,2.505,25.562,3.275,20.004
1662,83.797,1,mouse,0.935057,385.85,0.00,537.83,76.48,2.505,25.562,3.275,20.004
1662,83.797,2,keyboard,0.865137,0.43,151.19,627.01,477.37,2.505,25.562,3.275,20.004
1662,83.797,1,mouse,0.308110,558.89,329.30,639.65,381.14,2.505,25.562,3.275,20.004
1663,83.840,1,mouse,0.959342,247.47,59.24,425.25,157.61,2.507,25.622,3.303,20.327
1663,83.840,1,mouse,0.932971,388.40,0.00,539.39,78.16,2.507,25.622,3.303,20.327
1663,83.840,2,keyboard,0.891168,1.75,154.25,631.90,477.30,2.507,25.622,3.303,20.327
1664,83.897,1,mouse,0.950053,253.98,59.33,428.64,157.01,2.492,25.508,3.252,20.057
1664,83.897,1,mouse,0.932543,394.81,0.00,544.63,76.31,2.492,25.508,3.252,20.057
1664,83.897,2,keyboard,0.861934,0.04,161.08,627.08,477.14,2.492,25.508,3.252,20.057
1665,83.939,1,mouse,0.956950,256.49,60.73,432.14,157.28,2.507,25.742,2.931,20.420
1665,83.939,1,mouse,0.937340,397.68,0.00,547.76,78.05,2.507,25.742,2.931,20.420
1665,83.939,2,keyboard,0.756226,0.06,154.78,627.46,476.99,2.507,25.742,2.931,20.420
1666,83.998,1,mouse,0.959746,266.50,58.45,442.95,153.16,2.633,25.604,3.350,20.089
1666,83.998,1,mouse,0.924805,406.23,0.00,554.57,75.73,2.633,25.604,3.350,20.089
1666,83.998,2,keyboard,0.924523,2.37,160.07,633.26,476.82,2.633,25.604,3.350,20.089
1666,83.998,1,mouse,0.301191,598.51,122.94,640.00,176.09,2.633,25.604,3.350,20.089
1667,84.041,1,mouse,0.958952,267.20,58.01,442.33,151.74,2.529,25.743,3.173,20.374
1667,84.041,2,keyboard,0.933673,2.65,154.78,635.34,477.18,2.529,25.743,3.173,20.374
1667,84.041,1,mouse,0.922245,407.20,0.00,554.86,75.24,2.529,25.743,3.173,20.374
1668,84.101,1,mouse,0.956443,267.63,59.14,442.31,152.16,2.494,25.536,3.214,20.010
1668,84.101,1,mouse,0.929691,408.74,0.00,555.55,75.97,2.494,25.536,3.214,20.010
1668,84.101,2,keyboard,0.829830,0.60,138.21,631.79,477.41,2.494,25.536,3.214,20.010
1669,84.167,1,mouse,0.964097,274.63,54.96,447.97,149.02,2.552,25.580,3.445,19.561
1669,84.167,1,mouse,0.907611,411.78,0.35,560.90,72.36,2.552,25.580,3.445,19.561
1669,84.167,2,keyboard,0.732393,0.00,159.17,628.96,477.06,2.552,25.580,3.445,19.561
1670,84.210,1,mouse,0.959285,270.76,56.34,440.51,149.84,2.593,25.563,3.077,19.808
1670,84.210,1,mouse,0.932041,408.80,0.00,559.06,74.56,2.593,25.563,3.077,19.808
1670,84.210,2,keyboard,0.841591,0.00,141.62,628.74,477.29,2.593,25.563,3.077,19.808
1671,84.265,1,mouse,0.957995,269.88,57.93,441.90,149.23,2.726,25.504,3.153,19.664
1671,84.265,1,mouse,0.930970,409.16,0.00,554.24,75.78,2.726,25.504,3.153,19.664
1671,84.265,2,keyboard,0.927697,0.00,146.31,620.87,477.33,2.726,25.504,3.153,19.664
1672,84.307,1,mouse,0.964490,270.89,56.10,440.99,147.52,2.519,25.737,3.047,20.045
1672,84.307,1,mouse,0.912656,409.48,0.00,557.69,72.20,2.519,25.737,3.047,20.045
1672,84.307,2,keyboard,0.872549,1.63,133.77,618.32,478.55,2.519,25.737,3.047,20.045
1673,84.365,1,mouse,0.966690,271.01,57.78,442.03,150.34,2.500,25.587,3.181,19.790
1673,84.365,1,mouse,0.933629,411.73,0.00,554.54,75.03,2.500,25.587,3.181,19.790
1673,84.365,2,keyboard,0.798592,0.00,139.15,607.98,478.05,2.500,25.587,3.181,19.790
1674,84.407,1,mouse,0.969309,271.27,58.07,442.39,148.20,2.503,25.566,3.083,20.154
1674,84.407,1,mouse,0.940626,411.60,0.00,555.34,73.90,2.503,25.566,3.083,20.154
1674,84.407,2,keyboard,0.818800,0.78,137.63,603.98,477.20,2.503,25.566,3.083,20.154
1675,84.465,1,mouse,0.966668,273.59,56.17,443.35,146.00,2.693,25.546,3.240,19.871
1675,84.465,1,mouse,0.928247,413.44,0.00,557.14,73.97,2.693,25.546,3.240,19.871
1675,84.465,2,keyboard,0.843364,0.00,163.39,623.86,476.59,2.693,25.546,3.240,19.871
1676,84.508,1,mouse,0.959882,268.74,55.59,439.92,146.52,2.575,25.769,3.060,20.227
1676,84.508,1,mouse,0.930771,407.40,0.00,553.07,72.44,2.575,25.769,3.060,20.227
1676,84.508,2,keyboard,0.804194,2.80,123.72,632.83,477.47,2.575,25.769,3.060,20.227
1677,84.565,1,mouse,0.959355,271.87,53.92,441.43,145.13,2.537,25.586,3.145,19.962
1677,84.565,1,mouse,0.899439,410.34,0.00,554.25,72.38,2.537,25.586,3.145,19.962
1677,84.565,2,keyboard,0.678234,0.00,85.46,635.26,479.31,2.537,25.586,3.145,19.962
1678,84.607,1,mouse,0.958122,265.62,55.83,436.82,146.78,2.534,25.521,3.108,20.320
1678,84.607,1,mouse,0.797802,398.45,0.00,550.96,73.86,2.534,25.521,3.108,20.320
1678,84.607,2,keyboard,0.775810,2.24,130.15,624.96,477.24,2.534,25.521,3.108,20.320
1679,84.665,1,mouse,0.957557,268.42,59.98,438.47,152.15,2.513,25.533,3.202,20.025
1679,84.665,1,mouse,0.949422,402.49,2.37,550.56,80.46,2.513,25.533,3.202,20.025
1679,84.665,2,keyboard,0.683107,3.05,136.14,636.50,478.26,2.513,25.533,3.202,20.025
1680,84.707,1,mouse,0.952479,267.47,61.37,439.61,151.06,2.526,25.789,3.005,20.344
1680,84.707,1,mouse,0.946949,403.00,3.08,549.34,80.03,2.526,25.789,3.005,20.344
1680,84.707,2,keyboard,0.810776,2.67,137.20,630.44,477.62,2.526,25.789,3.005,20.344
1681,84.765,1,mouse,0.954246,266.58,57.12,436.90,145.79,2.508,25.604,3.165,20.066
1681,84.765,1,mouse,0.929749,402.28,0.00,550.43,74.81,2.508,25.604,3.165,20.066
1681,84.765,2,keyboard,0.777171,0.00,99.95,629.31,477.05,2.508,25.604,3.165,20.066
1682,84.809,1,mouse,0.950942,265.83,53.07,437.58,145.09,3.095,26.152,3.052,20.331
1682,84.809,1,mouse,0.946385,401.77,0.00,548.69,73.87,3.095,26.152,3.052,20.331
1682,84.809,2,keyboard,0.585598,0.00,165.73,586.32,475.81,3.095,26.152,3.052,20.331
1683,84.865,1,mouse,0.941640,269.24,52.76,438.64,141.20,2.726,25.526,3.243,20.069
1683,84.865,1,mouse,0.933983,402.88,0.00,549.79,72.24,2.726,25.526,3.243,20.069
1683,84.865,2,keyboard,0.684541,3.12,121.35,628.76,477.28,2.726,25.526,3.243,20.069
1684,84.908,1,mouse,0.960371,275.35,51.46,441.86,139.85,2.525,25.761,2.986,20.395
1684,84.908,1,mouse,0.901607,409.50,0.00,552.56,70.88,2.525,25.761,2.986,20.395
1684,84.908,2,keyboard,0.882639,0.26,106.39,637.77,478.68,2.525,25.761,2.986,20.395
1684,84.908,2,keyboard,0.551732,2.42,172.50,522.01,476.15,2.525,25.761,2.986,20.395
1685,84.965,1,mouse,0.928103,285.20,51.30,451.33,140.39,2.510,25.584,3.091,20.123
1685,84.965,1,mouse,0.918413,418.63,0.00,561.04,72.91,2.510,25.584,3.091,20.123
1685,84.965,2,keyboard,0.790242,2.51,118.95,633.22,478.33,2.510,25.584,3.091,20.123
1686,85.007,1,mouse,0.945184,291.13,51.94,456.07,142.13,2.499,25.744,3.069,20.468
1686,85.007,1,mouse,0.871908,424.14,0.00,564.13,75.24,2.499,25.744,3.069,20.468
1686,85.007,2,keyboard,0.799525,3.12,118.00,629.78,476.35,2.499,25.744,3.069,20.468
1687,85.065,1,mouse,0.959098,432.40,0.00,574.75,72.45,2.514,25.588,3.190,20.155
1687,85.065,1,mouse,0.941622,299.51,51.22,466.98,138.14,2.514,25.588,3.190,20.155
1687,85.065,2,keyboard,0.763734,1.62,126.88,627.17,477.30,2.514,25.588,3.190,20.155
1688,85.107,1,mouse,0.958374,433.96,0.00,578.67,72.08,2.504,25.537,3.028,20.508
1688,85.107,1,mouse,0.948330,303.31,50.93,468.84,136.97,2.504,25.537,3.028,20.508
1688,85.107,2,keyboard,0.793137,0.00,129.00,622.58,477.22,2.504,25.537,3.028,20.508
1689,85.165,1,mouse,0.976059,307.14,44.01,471.01,129.62,2.501,25.588,3.161,20.188
1689,85.165,1,mouse,0.838291,439.58,0.00,581.64,66.74,2.501,25.588,3.161,20.188
1689,85.165,2,keyboard,0.305207,0.00,116.99,624.11,477.31,2.501,25.588,3.161,20.188
1690,85.208,1,mouse,0.964991,307.33,43.04,471.98,126.92,2.682,25.529,3.337,20.493
1690,85.208,2,keyboard,0.836774,0.00,119.94,626.58,477.17,2.682,25.529,3.337,20.493
1690,85.208,1,mouse,0.620494,443.32,0.79,581.88,64.26,2.682,25.529,3.337,20.493
1691,85.265,1,mouse,0.962719,310.32,40.15,471.28,125.01,2.757,25.956,3.043,20.185
1691,85.265,2,keyboard,0.837704,0.00,77.31,633.11,476.26,2.757,25.956,3.043,20.185
1691,85.265,1,mouse,0.688283,443.21,0.24,582.13,59.29,2.757,25.956,3.043,20.185
1692,85.307,1,mouse,0.967656,316.33,40.29,477.58,124.39,2.546,25.766,3.159,20.531
1692,85.307,2,keyboard,0.894809,9.77,130.16,630.76,477.25,2.546,25.766,3.159,20.531
1692,85.307,1,mouse,0.579603,449.86,0.00,584.24,59.58,2.546,25.766,3.159,20.531
1693,85.367,1,mouse,0.965368,318.27,45.59,486.02,129.38,2.589,25.570,3.461,20.208
1693,85.367,1,mouse,0.846368,450.86,0.00,592.30,68.80,2.589,25.570,3.461,20.208
1693,85.367,2,keyboard,0.760033,14.31,38.26,634.51,475.08,2.589,25.570,3.461,20.208
1694,85.410,1,mouse,0.955795,320.46,46.15,489.14,129.85,2.716,25.556,3.020,20.443
1694,85.410,1,mouse,0.863183,455.47,0.00,594.64,68.90,2.716,25.556,3.020,20.443
1694,85.410,2,keyboard,0.539115,5.46,100.54,640.00,473.26,2.716,25.556,3.020,20.443
1695,85.465,1,mouse,0.968163,320.08,47.42,487.53,131.68,2.620,25.551,3.137,20.204
1695,85.465,1,mouse,0.903246,452.15,0.00,593.23,68.97,2.620,25.551,3.137,20.204
1695,85.465,2,keyboard,0.565973,4.35,107.04,637.27,474.20,2.620,25.551,3.137,20.204
1696,85.507,1,mouse,0.963292,321.19,45.93,489.95,128.11,2.515,25.523,3.125,20.556
1696,85.507,1,mouse,0.852492,455.28,0.00,595.94,67.47,2.515,25.523,3.125,20.556
1696,85.507,2,keyboard,0.622869,4.85,99.22,636.34,474.17,2.515,25.523,3.125,20.556
1697,85.565,1,mouse,0.970624,318.75,46.48,486.58,130.78,2.511,25.554,3.220,20.238
1697,85.565,1,mouse,0.878057,451.80,0.00,593.45,68.98,2.511,25.554,3.220,20.238
1697,85.565,2,keyboard,0.685823,9.44,128.56,626.54,476.91,2.511,25.554,3.220,20.238
1698,85.608,1,mouse,0.945388,318.02,46.97,484.77,131.98,2.512,25.549,3.021,20.565
1698,85.608,1,mouse,0.897097,450.69,0.00,590.39,69.77,2.512,25.549,3.021,20.565
1698,85.608,2,keyboard,0.580630,13.53,115.36,628.62,477.04,2.512,25.549,3.021,20.565
1699,85.665,1,mouse,0.946824,317.47,46.58,484.68,132.21,2.510,25.578,3.455,20.239
1699,85.665,1,mouse,0.904063,450.27,0.00,590.65,69.29,2.510,25.578,3.455,20.239
1699,85.665,2,keyboard,0.306801,4.26,107.96,637.77,473.66,2.510,25.578,3.455,20.239
1700,85.707,1,mouse,0.953799,314.67,47.50,483.62,131.69,2.498,25.551,3.236,20.551
1700,85.707,1,mouse,0.888250,449.41,0.00,588.69,69.74,2.498,25.551,3.236,20.551
1700,85.707,2,keyboard,0.506441,3.84,112.21,635.54,471.95,2.498,25.551,3.236,20.551
1701,85.765,1,mouse,0.920943,313.86,47.42,479.47,133.58,2.528,25.485,3.153,20.257
1701,85.765,1,mouse,0.911028,447.55,0.00,585.66,69.98,2.528,25.485,3.153,20.257
1701,85.765,2,keyboard,0.364110,7.33,122.22,631.43,476.54,2.528,25.485,3.153,20.257
1702,85.807,1,mouse,0.950803,313.34,48.18,477.16,135.33,2.527,25.553,3.107,20.581
1702,85.807,1,mouse,0.926332,447.69,0.00,585.83,70.74,2.527,25.553,3.107,20.581
1702,85.807,2,keyboard,0.561303,1.80,133.01,627.70,477.03,2.527,25.553,3.107,20.581
1703,85.865,1,mouse,0.952349,311.69,50.72,474.66,138.12,2.670,25.517,3.350,20.248
1703,85.865,1,mouse,0.928527,443.01,1.95,583.82,74.25,2.670,25.517,3.350,20.248
1703,85.865,2,keyboard,0.624143,8.36,133.65,628.22,477.00,2.670,25.517,3.350,20.248
1704,85.907,1,mouse,0.935614,315.04,52.19,479.59,139.71,2.482,25.780,3.056,20.574
1704,85.907,1,mouse,0.933668,447.31,2.11,586.05,75.31,2.482,25.780,3.056,20.574
1704,85.907,2,keyboard,0.719735,14.13,136.12,627.87,477.03,2.482,25.780,3.056,20.574
1705,85.965,1,mouse,0.944250,316.03,53.89,482.44,141.27,2.514,25.534,3.210,20.271
1705,85.965,1,mouse,0.912654,450.95,4.57,587.22,75.92,2.514,25.534,3.210,20.271
1705,85.965,2,keyboard,0.728838,3.89,118.85,637.95,474.88,2.514,25.534,3.210,20.271
1706,86.008,1,mouse,0.962290,315.52,53.96,482.72,140.97,2.496,25.779,3.065,20.564
1706,86.008,1,mouse,0.921311,450.34,4.58,587.02,76.36,2.496,25.779,3.065,20.564
1706,86.008,2,keyboard,0.643742,11.04,155.78,627.68,477.33,2.496,25.779,3.065,20.564
1707,86.065,1,mouse,0.918879,451.45,2.54,592.27,75.94,2.518,25.578,3.287,20.262
1707,86.065,1,mouse,0.915487,320.82,52.75,486.06,140.40,2.518,25.578,3.287,20.262
1707,86.065,2,keyboard,0.368162,4.15,106.99,639.15,474.21,2.518,25.578,3.287,20.262
1708,86.107,1,mouse,0.945666,317.38,53.21,483.70,140.32,2.486,25.523,3.159,20.598
1708,86.107,1,mouse,0.926930,450.02,3.09,590.95,75.92,2.486,25.523,3.159,20.598
1708,86.107,2,keyboard,0.551016,11.41,118.77,628.55,477.15,2.486,25.523,3.159,20.598
1709,86.165,1,mouse,0.944754,320.18,54.58,486.20,142.39,2.501,25.572,3.227,20.273
1709,86.165,1,mouse,0.929964,452.15,3.73,593.34,78.73,2.501,25.572,3.227,20.273
1709,86.165,2,keyboard,0.832623,15.49,158.62,630.44,475.44,2.501,25.572,3.227,20.273
1710,86.208,1,mouse,0.945179,321.97,56.69,488.58,142.24,2.560,25.567,3.017,20.607
1710,86.208,1,mouse,0.942885,456.47,6.26,596.30,81.59,2.560,25.567,3.017,20.607
1710,86.208,2,keyboard,0.784037,6.40,121.97,640.00,475.85,2.560,25.567,3.017,20.607
1711,86.265,1,mouse,0.964877,322.58,59.45,489.67,144.34,2.491,25.615,3.231,20.275
1711,86.265,1,mouse,0.921875,455.28,7.67,596.03,82.71,2.491,25.615,3.231,20.275
1711,86.265,2,keyboard,0.633925,5.29,124.18,633.67,474.90,2.491,25.615,3.231,20.275
1712,86.307,1,mouse,0.946801,454.32,8.72,594.69,82.89,2.518,25.735,3.220,20.584
1712,86.307,1,mouse,0.945098,321.24,60.82,488.05,144.55,2.518,25.735,3.220,20.584
1712,86.307,2,keyboard,0.692878,7.05,125.54,638.04,475.06,2.518,25.735,3.220,20.584
1713,86.365,1,mouse,0.935235,450.20,10.10,592.57,84.87,2.628,25.729,3.057,20.273
1713,86.365,1,mouse,0.930762,320.25,63.61,488.73,148.87,2.628,25.729,3.057,20.273
1713,86.365,2,keyboard,0.792017,8.86,136.02,638.16,476.59,2.628,25.729,3.057,20.273
1714,86.407,1,mouse,0.970646,319.82,66.67,487.02,150.34,2.498,25.795,3.051,20.608
1714,86.407,1,mouse,0.754585,447.87,12.25,590.48,88.03,2.498,25.795,3.051,20.608
1714,86.407,2,keyboard,0.651618,10.54,179.90,624.34,475.71,2.498,25.795,3.051,20.608
1715,86.466,1,mouse,0.971002,315.97,73.26,485.72,158.69,2.555,25.542,3.158,20.284
1715,86.466,1,mouse,0.839110,448.73,20.68,588.80,95.51,2.555,25.542,3.158,20.284
1715,86.466,2,keyboard,0.586709,6.93,147.10,640.00,474.71,2.555,25.542,3.158,20.284
1716,86.508,1,mouse,0.967328,315.05,73.08,481.74,157.93,2.534,25.542,3.088,20.557
1716,86.508,1,mouse,0.875796,448.01,20.08,587.34,93.38,2.534,25.542,3.088,20.557
1716,86.508,2,keyboard,0.709402,4.36,167.87,636.21,475.10,2.534,25.542,3.088,20.557
1717,86.565,1,mouse,0.979293,309.25,71.87,472.85,156.92,2.495,25.600,3.037,20.281
1717,86.565,1,mouse,0.852041,443.00,19.63,584.93,92.28,2.495,25.600,3.037,20.281
1717,86.565,2,keyboard,0.512616,0.00,170.81,632.71,475.60,2.495,25.600,3.037,20.281
1718,86.606,1,mouse,0.975192,306.26,69.17,470.94,155.69,2.571,25.534,2.972,20.611
1718,86.606,1,mouse,0.872857,441.53,17.07,583.38,90.17,2.571,25.534,2.972,20.611
1718,86.606,2,keyboard,0.834145,0.00,168.26,634.06,475.66,2.571,25.534,2.972,20.611
1719,86.666,1,mouse,0.957326,296.75,62.92,467.86,151.45,2.758,25.597,3.188,20.265
1719,86.666,1,mouse,0.947599,433.64,10.78,579.12,83.77,2.758,25.597,3.188,20.265
1719,86.666,2,keyboard,0.764649,3.57,121.63,640.00,475.51,2.758,25.597,3.188,20.265
1720,86.708,1,mouse,0.960234,293.82,62.53,466.58,148.92,2.603,25.507,3.002,20.578
1720,86.708,1,mouse,0.949657,432.24,9.35,574.97,82.91,2.603,25.507,3.002,20.578
1720,86.708,2,keyboard,0.875245,4.66,130.48,637.93,477.15,2.603,25.507,3.002,20.578
1721,86.766,1,mouse,0.954228,284.38,65.96,455.72,154.66,2.496,25.512,3.110,20.279
1721,86.766,1,mouse,0.860804,418.65,9.94,564.12,88.51,2.496,25.512,3.110,20.279
1721,86.766,2,keyboard,0.494762,0.00,160.49,619.73,475.82,2.496,25.512,3.110,20.279
1721,86.766,1,mouse,0.321685,0.00,82.01,91.84,195.23,2.496,25.512,3.110,20.279
1721,86.766,1,mouse,0.311695,0.00,81.19,93.24,314.93,2.496,25.512,3.110,20.279
1722,86.807,1,mouse,0.972377,279.70,69.86,453.77,160.17,2.485,25.524,3.070,20.579
1722,86.807,1,mouse,0.801294,414.15,13.55,559.29,91.17,2.485,25.524,3.070,20.579
1722,86.807,2,keyboard,0.551277,2.01,150.43,630.43,476.84,2.485,25.524,3.070,20.579
1723,86.864,1,mouse,0.958896,269.27,75.98,440.61,165.04,2.488,25.567,3.137,20.281
1723,86.864,1,mouse,0.754793,407.78,17.17,551.78,96.12,2.488,25.567,3.137,20.281
1723,86.864,2,keyboard,0.533528,0.00,140.82,628.10,477.01,2.488,25.567,3.137,20.281
1724,86.907,1,mouse,0.944287,261.89,77.35,436.32,167.02,2.521,25.530,2.992,20.649
1724,86.907,1,mouse,0.828393,399.97,19.99,548.53,97.94,2.521,25.530,2.992,20.649
1724,86.907,2,keyboard,0.753557,0.00,153.64,626.99,477.17,2.521,25.530,2.992,20.649
1725,86.970,1,mouse,0.941598,262.76,76.86,436.87,166.46,2.542,25.526,3.208,20.171
1725,86.970,1,mouse,0.865989,400.68,18.83,549.72,97.44,2.542,25.526,3.208,20.171
1725,86.970,2,keyboard,0.835248,0.86,151.50,635.25,477.19,2.542,25.526,3.208,20.171
1725,86.970,1,mouse,0.291362,0.05,100.54,40.86,209.60,2.542,25.526,3.208,20.171
1726,87.034,1,mouse,0.935907,264.03,78.53,439.35,167.65,2.582,25.548,3.507,19.718
1726,87.034,1,mouse,0.818040,402.17,20.06,550.95,98.74,2.582,25.548,3.507,19.718
1726,87.034,2,keyboard,0.747143,0.09,150.93,633.64,477.29,2.582,25.548,3.507,19.718
1727,87.076,1,mouse,0.937480,265.67,77.13,439.57,167.32,2.499,25.770,3.250,20.064
1727,87.076,1,mouse,0.846341,403.80,19.11,551.72,97.16,2.499,25.770,3.250,20.064
1727,87.076,2,keyboard,0.741458,0.00,152.96,632.72,477.33,2.499,25.770,3.250,20.064
1728,87.134,1,mouse,0.944407,263.08,76.71,438.40,166.45,2.587,25.558,3.187,19.820
1728,87.134,1,mouse,0.866423,402.69,18.26,551.23,96.50,2.587,25.558,3.187,19.820
1728,87.134,2,keyboard,0.821906,0.80,152.49,635.08,477.14,2.587,25.558,3.187,19.820
1728,87.134,1,mouse,0.365606,0.02,101.50,39.81,208.63,2.587,25.558,3.187,19.820
1729,87.177,1,mouse,0.948907,263.65,77.24,439.53,166.91,2.528,25.745,3.005,20.140
1729,87.177,1,mouse,0.867432,403.73,17.78,551.22,97.26,2.528,25.745,3.005,20.140
1729,87.177,2,keyboard,0.857205,0.00,151.46,629.31,477.06,2.528,25.745,3.005,20.140
1729,87.177,1,mouse,0.424037,0.02,98.52,40.34,209.83,2.528,25.745,3.005,20.140
1730,87.234,1,mouse,0.949973,263.06,76.59,438.73,169.94,2.618,25.499,3.261,19.894
1730,87.234,1,mouse,0.865162,401.78,19.01,551.91,98.60,2.618,25.499,3.261,19.894
1730,87.234,2,keyboard,0.815763,1.12,153.14,631.48,476.80,2.618,25.499,3.261,19.894
1730,87.234,1,mouse,0.318848,0.00,97.67,39.78,207.88,2.618,25.499,3.261,19.894
1731,87.276,1,mouse,0.957677,262.46,77.30,438.39,169.79,2.522,25.801,3.028,20.234
1731,87.276,1,mouse,0.858640,401.26,19.30,551.38,98.53,2.522,25.801,3.028,20.234
1731,87.276,2,keyboard,0.681626,0.00,156.90,631.27,476.33,2.522,25.801,3.028,20.234
1732,87.333,1,mouse,0.946033,262.05,77.15,438.83,170.09,2.514,25.561,3.268,19.975
1732,87.333,1,mouse,0.862835,403.60,18.19,551.68,98.21,2.514,25.561,3.268,19.975
1732,87.333,2,keyboard,0.825982,3.95,153.03,635.23,476.84,2.514,25.561,3.268,19.975
1733,87.376,1,mouse,0.956996,260.25,77.75,436.41,170.17,2.524,25.760,3.111,20.303
1733,87.376,1,mouse,0.886985,400.93,19.52,551.44,99.34,2.524,25.760,3.111,20.303
1733,87.376,2,keyboard,0.705441,0.00,167.77,626.24,474.64,2.524,25.760,3.111,20.303
1733,87.376,2,keyboard,0.331021,184.74,163.09,635.37,478.95,2.524,25.760,3.111,20.303
1734,87.433,1,mouse,0.953103,260.07,76.40,437.81,169.37,2.514,25.616,3.428,20.021
1734,87.433,1,mouse,0.886780,400.02,17.78,549.97,96.41,2.514,25.616,3.428,20.021
1734,87.433,2,keyboard,0.766808,0.00,149.11,630.57,477.04,2.514,25.616,3.428,20.021
1735,87.471,1,mouse,0.944935,262.91,75.64,438.65,166.69,2.141,21.134,2.914,20.671
1735,87.471,1,mouse,0.903369,401.62,15.79,551.10,95.31,2.141,21.134,2.914,20.671
1735,87.471,2,keyboard,0.792096,2.26,152.39,634.61,476.77,2.141,21.134,2.914,20.671
1735,87.471,1,mouse,0.447446,0.00,103.94,38.00,206.80,2.141,21.134,2.914,20.671
1736,87.534,1,mouse,0.962415,261.78,74.93,437.82,169.56,2.572,25.598,3.189,20.204
1736,87.534,1,mouse,0.874589,399.49,16.40,550.65,95.95,2.572,25.598,3.189,20.204
1736,87.534,2,keyboard,0.802130,4.13,154.70,634.09,477.08,2.572,25.598,3.189,20.204
1736,87.534,1,mouse,0.301679,0.00,102.26,36.39,201.53,2.572,25.598,3.189,20.204
1737,87.576,1,mouse,0.967021,262.11,77.60,438.25,170.60,2.517,25.593,3.397,20.489
1737,87.576,1,mouse,0.886317,401.26,16.90,550.93,98.54,2.517,25.593,3.397,20.489
1737,87.576,2,keyboard,0.740281,3.34,154.47,635.48,477.25,2.517,25.593,3.397,20.489
1738,87.633,1,mouse,0.968695,259.67,79.52,436.95,172.36,2.505,25.581,3.110,20.219
1738,87.633,1,mouse,0.882203,400.43,21.83,550.22,101.90,2.505,25.581,3.110,20.219
1738,87.633,2,keyboard,0.803240,0.00,162.25,628.76,476.86,2.505,25.581,3.110,20.219
1739,87.675,1,mouse,0.956976,257.24,81.70,435.42,174.81,2.514,25.542,3.219,20.539
1739,87.675,1,mouse,0.923707,399.79,25.10,549.45,103.66,2.514,25.542,3.219,20.539
1739,87.675,2,keyboard,0.777335,0.00,159.88,629.27,477.13,2.514,25.542,3.219,20.539
1740,87.735,1,mouse,0.963262,256.26,81.63,434.42,173.57,2.479,25.531,4.998,20.176
1740,87.735,2,keyboard,0.881798,2.37,160.88,631.53,477.00,2.479,25.531,4.998,20.176
1740,87.735,1,mouse,0.858890,399.56,23.90,549.17,102.10,2.479,25.531,4.998,20.176
1741,87.778,1,mouse,0.958241,255.38,79.82,430.33,172.34,2.510,25.568,3.155,20.502
1741,87.778,1,mouse,0.870202,397.47,22.05,547.19,101.46,2.510,25.568,3.155,20.502
1741,87.778,2,keyboard,0.862973,0.00,153.60,626.81,477.34,2.510,25.568,3.155,20.502
1741,87.778,1,mouse,0.303537,0.00,100.94,31.09,193.54,2.510,25.568,3.155,20.502
1742,87.832,1,mouse,0.951613,251.83,77.54,427.31,172.49,2.598,25.524,3.135,20.256
1742,87.832,2,keyboard,0.858101,0.00,150.42,626.13,477.29,2.598,25.524,3.135,20.256
1742,87.832,1,mouse,0.766038,395.33,12.19,543.02,98.04,2.598,25.524,3.135,20.256
